cycle,step,t_ms,phase,servo6_q_target,servo6_q_measured,servo6_q_delta,servo6_baseline_delta,servo8_q_target,servo8_q_measured,servo8_q_delta,servo8_baseline_delta
0,0,7.5,CLOSE,0.005,0.00347,0.00153,-0.00021,0.005,0.0,0.005,0.005
0,1,28.5,CLOSE,0.01,0.00521,0.00479,0.00479,0.01,0.0,0.01,0.01
0,2,50.3,CLOSE,0.015,0.00174,0.01326,0.00979,0.015,0.0,0.015,0.015
0,3,71.1,CLOSE,0.02,0.00347,0.01653,0.01479,0.02,0.0,0.02,0.02
0,4,91.5,CLOSE,0.025,0.00347,0.02153,0.01979,0.025,0.0,0.025,0.025
0,5,110.9,CLOSE,0.03,0.00174,0.02826,0.02479,0.03,0.0,0.03,0.03
0,6,131.4,CLOSE,0.035,0.00347,0.03153,0.02979,0.035,0.0,0.035,0.035
0,7,152.6,CLOSE,0.04,0.00868,0.03132,0.03479,0.04,0.0,0.04,0.04
0,8,173.7,CLOSE,0.045,0.00347,0.04153,0.03979,0.045,0.0,0.045,0.04153
0,9,195.6,CLOSE,0.05,0.01215,0.03785,0.04479,0.05,0.00173,0.04827,0.04653
0,10,215.2,CLOSE,0.055,0.00521,0.04979,0.04111,0.055,0.0052,0.0498,0.055
0,11,238.3,CLOSE,0.06,0.01042,0.04958,0.05306,0.06,0.0104,0.0496,0.05133
0,12,259.4,CLOSE,0.065,0.01736,0.04764,0.04937,0.065,0.01733,0.04767,0.0546
0,13,278.3,CLOSE,0.07,0.02431,0.04569,0.04917,0.07,0.02426,0.04574,0.0544
0,14,298.8,CLOSE,0.075,0.03646,0.03854,0.04549,0.075,0.0364,0.0386,0.05074
0,15,319.8,CLOSE,0.08,0.04167,0.03833,0.04701,0.08,0.03813,0.04187,0.04534
0,16,339.3,CLOSE,0.085,0.05035,0.03465,0.04333,0.085,0.04506,0.03994,0.04514
0,17,360.5,CLOSE,0.09,0.06076,0.02924,0.03792,0.09,0.05719,0.03281,0.04667
0,18,381.3,CLOSE,0.095,0.07118,0.02382,0.03424,0.095,0.06066,0.03434,0.04474
0,19,404.0,CLOSE,0.1,0.07812,0.02188,0.03229,0.1,0.07106,0.02894,0.04107
0,20,424.5,CLOSE,0.105,0.08507,0.01993,0.02861,0.105,0.07626,0.02874,0.03741
0,21,445.5,CLOSE,0.11,0.09201,0.01799,0.02667,0.11,0.08492,0.02508,0.03548
0,22,464.5,CLOSE,0.115,0.09722,0.01778,0.02646,0.115,0.09012,0.02488,0.03528
0,23,484.8,CLOSE,0.12,0.10069,0.01931,0.02625,0.12,0.09532,0.02468,0.03161
0,24,506.2,CLOSE,0.125,0.10417,0.02083,0.02604,0.125,0.10225,0.02275,0.03141
0,25,528.6,CLOSE,0.13,0.10764,0.02236,0.02757,0.13,0.10745,0.02255,0.02775
0,26,549.3,CLOSE,0.135,0.10938,0.02563,0.02736,0.135,0.11265,0.02235,0.02581
0,27,569.7,CLOSE,0.14,0.11111,0.02889,0.02889,0.14,0.11612,0.02388,0.02735
0,28,590.2,CLOSE,0.145,0.11285,0.03215,0.03042,0.145,0.11785,0.02715,0.02715
0,29,610.7,CLOSE,0.15,0.11632,0.03368,0.03194,0.15,0.12132,0.02868,0.02522
0,30,633.2,CLOSE,0.155,0.11632,0.03868,0.03694,0.155,0.12305,0.03195,0.03022
0,31,655.4,CLOSE,0.16,0.11979,0.04021,0.04021,0.16,0.12478,0.03522,0.03175
0,32,674.4,CLOSE,0.165,0.12326,0.04174,0.04174,0.165,0.12652,0.03848,0.03328
0,33,695.0,CLOSE,0.17,0.12674,0.04326,0.04847,0.17,0.12825,0.04175,0.03828
0,34,715.3,CLOSE,0.175,0.13194,0.04306,0.03958,0.175,0.13172,0.04328,0.03289
0,35,736.8,CLOSE,0.18,0.13542,0.04458,0.04806,0.18,0.13345,0.04655,0.04135
0,36,757.6,CLOSE,0.185,0.14236,0.04264,0.04438,0.185,0.13865,0.04635,0.04462
0,37,779.7,CLOSE,0.19,0.14931,0.04069,0.04243,0.19,0.14558,0.04442,0.04095
0,38,798.6,CLOSE,0.195,0.15451,0.04049,0.04743,0.195,0.14558,0.04942,0.04595
0,39,818.8,CLOSE,0.2,0.16146,0.03854,0.04375,0.2,0.15078,0.04922,0.04402
0,40,839.3,CLOSE,0.205,0.17188,0.03313,0.04181,0.205,0.15771,0.04729,0.04555
0,41,862.2,CLOSE,0.21,0.17708,0.03292,0.03986,0.21,0.16984,0.04016,0.04536
0,42,882.2,CLOSE,0.215,0.18229,0.03271,0.03444,0.215,0.16984,0.04516,0.04342
0,43,903.2,CLOSE,0.22,0.18576,0.03424,0.03597,0.22,0.17678,0.04322,0.03802
0,44,923.3,CLOSE,0.225,0.19271,0.03229,0.03229,0.225,0.18371,0.04129,0.03956
0,45,943.9,CLOSE,0.23,0.19792,0.03208,0.03208,0.23,0.19411,0.03589,0.03936
0,46,964.2,CLOSE,0.235,0.20312,0.03188,0.03188,0.235,0.19411,0.04089,0.03743
0,47,985.6,CLOSE,0.24,0.2066,0.0334,0.03167,0.24,0.20624,0.03376,0.03723
0,48,1008.1,CLOSE,0.245,0.21181,0.03319,0.03146,0.245,0.20971,0.03529,0.03876
0,49,1027.3,CLOSE,0.25,0.21701,0.03299,0.03299,0.25,0.2149,0.0351,0.0351
0,50,1046.9,CLOSE,0.255,0.22049,0.03451,0.03451,0.255,0.21837,0.03663,0.03663
0,51,1067.9,CLOSE,0.26,0.22569,0.03431,0.03778,0.26,0.2253,0.0347,0.03643
0,52,1089.8,CLOSE,0.265,0.23264,0.03236,0.04104,0.265,0.2305,0.0345,0.03623
0,53,1111.5,CLOSE,0.27,0.23611,0.03389,0.04083,0.27,0.2357,0.0343,0.03256
0,54,1131.1,CLOSE,0.275,0.24132,0.03368,0.04236,0.275,0.2409,0.0341,0.03583
0,55,1153.2,CLOSE,0.28,0.25174,0.02826,0.04215,0.28,0.24437,0.03563,0.03563
0,56,1171.6,CLOSE,0.285,0.25,0.035,0.04194,0.285,0.24957,0.03543,0.0389
0,57,1194.6,CLOSE,0.29,0.25521,0.03479,0.04,0.29,0.25823,0.03177,0.0387
0,58,1215.9,CLOSE,0.295,0.26215,0.03285,0.03979,0.295,0.25997,0.03503,0.04023
0,59,1238.4,CLOSE,0.3,0.26736,0.03264,0.03958,0.3,0.2669,0.0331,0.04177
0,60,1256.0,CLOSE,0.305,0.27257,0.03243,0.03764,0.305,0.27036,0.03464,0.0433
0,61,1277.2,CLOSE,0.31,0.27778,0.03222,0.03049,0.31,0.27556,0.03444,0.0483
0,62,1297.6,CLOSE,0.315,0.28299,0.03201,0.03375,0.315,0.28076,0.03424,0.04637
0,63,1318.4,CLOSE,0.32,0.28646,0.03354,0.03354,0.32,0.28423,0.03577,0.04617
0,64,1339.4,CLOSE,0.325,0.28819,0.03681,0.02639,0.325,0.28943,0.03557,0.04077
0,65,1361.2,CLOSE,0.33,0.2934,0.0366,0.02965,0.33,0.29289,0.03711,0.04404
0,66,1383.9,CLOSE,0.335,0.29514,0.03986,0.02944,0.335,0.29636,0.03864,0.04211
0,67,1403.8,CLOSE,0.34,0.30035,0.03965,0.02924,0.34,0.30156,0.03844,0.04017
0,68,1423.0,CLOSE,0.345,0.30382,0.04118,0.02903,0.345,0.30156,0.04344,0.04171
0,69,1443.4,CLOSE,0.35,0.30903,0.04097,0.02708,0.35,0.30329,0.04671,0.03977
0,70,1464.5,CLOSE,0.355,0.31944,0.03556,0.02861,0.355,0.31196,0.04304,0.03784
0,71,1484.9,CLOSE,0.36,0.32465,0.03535,0.03014,0.36,0.31196,0.04804,0.03591
0,72,1506.9,CLOSE,0.365,0.32986,0.03514,0.02993,0.365,0.31889,0.04611,0.03571
0,73,1529.1,CLOSE,0.37,0.33681,0.03319,0.03146,0.37,0.32756,0.04244,0.03378
0,74,1547.8,CLOSE,0.375,0.34375,0.03125,0.03299,0.375,0.33276,0.04224,0.03358
0,75,1568.6,CLOSE,0.38,0.35069,0.02931,0.02757,0.38,0.33969,0.04031,0.03165
0,76,1589.8,CLOSE,0.385,0.3559,0.0291,0.03257,0.385,0.34662,0.03838,0.03318
0,77,1613.1,CLOSE,0.39,0.36111,0.02889,0.0341,0.39,0.35702,0.03298,0.03125
0,78,1633.7,CLOSE,0.395,0.37326,0.02174,0.03215,0.395,0.36222,0.03278,0.03105
0,79,1653.7,CLOSE,0.4,0.37326,0.02674,0.03368,0.4,0.37262,0.02738,0.03258
0,80,1673.9,CLOSE,0.405,0.37847,0.02653,0.03521,0.405,0.37435,0.03065,0.03412
0,81,1695.7,CLOSE,0.41,0.38368,0.02632,0.03674,0.41,0.38128,0.02872,0.03218
0,82,1715.9,CLOSE,0.415,0.38889,0.02611,0.03479,0.415,0.39168,0.02332,0.03372
0,83,1736.6,CLOSE,0.42,0.39757,0.02243,0.03458,0.42,0.39168,0.02832,0.03525
0,84,1756.0,CLOSE,0.425,0.39757,0.02743,0.0309,0.425,0.39515,0.02985,0.03505
0,85,1776.3,CLOSE,0.43,0.40278,0.02722,0.02896,0.43,0.40208,0.02792,0.03485
0,86,1797.0,CLOSE,0.435,0.40278,0.03222,0.02875,0.435,0.40555,0.02945,0.03465
0,87,1818.9,CLOSE,0.44,0.41493,0.02507,0.02507,0.44,0.40901,0.03099,0.03445
0,88,1839.4,CLOSE,0.445,0.4184,0.0266,0.02833,0.445,0.41421,0.03079,0.03599
0,89,1863.1,CLOSE,0.45,0.4184,0.0316,0.02986,0.45,0.41941,0.03059,0.03406
0,90,1881.3,CLOSE,0.455,0.42014,0.03486,0.02965,0.455,0.42288,0.03212,0.03212
0,91,1902.1,CLOSE,0.46,0.42708,0.03292,0.02944,0.46,0.42808,0.03192,0.03539
0,92,1923.1,CLOSE,0.465,0.43056,0.03444,0.03097,0.465,0.43154,0.03346,0.03519
0,93,1942.7,CLOSE,0.47,0.43576,0.03424,0.03076,0.47,0.43501,0.03499,0.03326
0,94,1966.7,CLOSE,0.475,0.44792,0.02708,0.03056,0.475,0.44194,0.03306,0.03479
0,95,1987.8,CLOSE,0.48,0.45139,0.02861,0.03035,0.48,0.44367,0.03633,0.03633
0,96,2006.5,CLOSE,0.485,0.44965,0.03535,0.0284,0.485,0.45581,0.02919,0.03613
0,97,2026.9,CLOSE,0.49,0.4566,0.0334,0.03167,0.49,0.45407,0.03593,0.03419
0,98,2048.9,CLOSE,0.495,0.46354,0.03146,0.03146,0.495,0.46101,0.03399,0.03573
0,99,2069.5,CLOSE,0.5,0.46875,0.03125,0.03125,0.5,0.46967,0.03033,0.03553
0,100,2090.5,CLOSE,0.505,0.47396,0.03104,0.03451,0.505,0.46794,0.03706,0.0336
0,101,2112.7,CLOSE,0.51,0.48438,0.02563,0.02736,0.51,0.47487,0.03513,0.03686
0,102,2131.4,CLOSE,0.515,0.48438,0.03063,0.03063,0.515,0.47834,0.03666,0.0332
0,103,2153.9,CLOSE,0.52,0.49132,0.02868,0.03563,0.52,0.487,0.033,0.0382
0,104,2173.8,CLOSE,0.525,0.50347,0.02153,0.03542,0.525,0.49567,0.02933,0.0328
0,105,2195.7,CLOSE,0.53,0.50868,0.02132,0.02479,0.53,0.50607,0.02393,0.03087
0,106,2216.3,CLOSE,0.535,0.51042,0.02458,0.02285,0.535,0.513,0.022,0.0272
0,107,2235.4,CLOSE,0.54,0.52778,0.01222,0.0209,0.54,0.51993,0.02007,0.0218
0,108,2257.1,CLOSE,0.545,0.53125,0.01375,0.01549,0.545,0.5234,0.0216,0.01987
0,109,2277.9,CLOSE,0.55,0.53299,0.01701,0.01701,0.55,0.5286,0.0214,0.02314
0,110,2300.1,CLOSE,0.555,0.53646,0.01854,0.02028,0.555,0.5286,0.0264,0.0212
0,111,2318.5,CLOSE,0.56,0.53646,0.02354,0.02528,0.56,0.53726,0.02274,0.0262
0,112,2339.2,CLOSE,0.565,0.53819,0.02681,0.02681,0.565,0.52166,0.04334,0.02774
0,113,2363.0,CLOSE,0.57,0.54688,0.02313,0.03007,0.57,0.53899,0.03101,0.02927
0,114,2381.1,CLOSE,0.575,0.54688,0.02813,0.0316,0.575,0.53726,0.03774,0.03081
0,115,2401.2,CLOSE,0.58,0.54514,0.03486,0.03486,0.58,0.54073,0.03927,0.03407
0,116,2422.5,CLOSE,0.585,0.54688,0.03813,0.03813,0.585,0.54419,0.04081,0.03041
0,117,2443.7,CLOSE,0.59,0.55035,0.03965,0.03618,0.59,0.54766,0.04234,0.03194
0,118,2464.2,CLOSE,0.595,0.55556,0.03944,0.03771,0.595,0.55286,0.04214,0.03521
0,119,2486.5,CLOSE,0.6,0.56424,0.03576,0.04097,0.6,0.55979,0.04021,0.03847
0,120,2507.6,CLOSE,0.605,0.56771,0.03729,0.03382,0.605,0.56499,0.04001,0.03828
0,121,2528.7,CLOSE,0.61,0.57986,0.03014,0.04056,0.61,0.57192,0.03808,0.04154
0,122,2548.1,CLOSE,0.615,0.58333,0.03167,0.03861,0.615,0.57712,0.03788,0.04134
0,123,2571.0,CLOSE,0.62,0.58681,0.03319,0.0384,0.62,0.58925,0.03075,0.03941
0,124,2590.7,CLOSE,0.625,0.59722,0.02778,0.03819,0.625,0.59272,0.03228,0.04094
0,125,2612.8,CLOSE,0.63,0.60243,0.02757,0.03625,0.63,0.59619,0.03381,0.03901
0,126,2632.7,CLOSE,0.635,0.59028,0.04472,0.03604,0.635,0.60312,0.03188,0.03881
0,127,2653.3,CLOSE,0.64,0.61111,0.02889,0.03583,0.64,0.60832,0.03168,0.03341
0,128,2674.7,CLOSE,0.645,0.61632,0.02868,0.03563,0.645,0.61179,0.03321,0.03668
0,129,2693.6,CLOSE,0.65,0.62326,0.02674,0.03368,0.65,0.62045,0.02955,0.03648
0,130,2714.2,CLOSE,0.655,0.62674,0.02826,0.03174,0.655,0.62392,0.03108,0.03628
0,131,2735.4,CLOSE,0.66,0.63194,0.02806,0.035,0.66,0.62912,0.03088,0.03435
0,132,2756.9,CLOSE,0.665,0.63715,0.02785,0.03132,0.665,0.63432,0.03068,0.03242
0,133,2778.9,CLOSE,0.67,0.64062,0.02938,0.0259,0.67,0.64125,0.02875,0.03049
0,134,2796.8,CLOSE,0.675,0.64583,0.02917,0.03264,0.675,0.64298,0.03202,0.03029
0,135,2818.6,CLOSE,0.68,0.65104,0.02896,0.02549,0.68,0.64645,0.03355,0.03009
0,136,2838.9,CLOSE,0.685,0.66146,0.02354,0.03049,0.685,0.65165,0.03335,0.03162
0,137,2860.4,CLOSE,0.69,0.65799,0.03201,0.03028,0.69,0.65511,0.03489,0.03142
0,138,2882.2,CLOSE,0.695,0.66493,0.03007,0.03181,0.695,0.66378,0.03122,0.03295
0,139,2903.8,CLOSE,0.7,0.6684,0.0316,0.0316,0.7,0.66551,0.03449,0.03102
0,140,2922.6,CLOSE,0.705,0.67188,0.03313,0.03313,0.705,0.66898,0.03602,0.03429
0,141,2943.4,CLOSE,0.71,0.67882,0.03118,0.03292,0.71,0.67591,0.03409,0.03062
0,142,2964.8,CLOSE,0.715,0.68403,0.03097,0.03444,0.715,0.67764,0.03736,0.03562
0,143,2987.5,CLOSE,0.72,0.68924,0.03076,0.02903,0.72,0.68631,0.03369,0.03716
0,144,3007.0,CLOSE,0.725,0.69618,0.02882,0.03229,0.725,0.68804,0.03696,0.03696
0,145,3029.9,CLOSE,0.73,0.69965,0.03035,0.03035,0.73,0.69497,0.03503,0.03676
0,146,3050.5,CLOSE,0.735,0.70486,0.03014,0.03535,0.735,0.69844,0.03656,0.04003
0,147,3071.9,CLOSE,0.74,0.71181,0.02819,0.0334,0.74,0.70537,0.03463,0.03636
0,148,3090.5,CLOSE,0.745,0.71875,0.02625,0.03493,0.745,0.70884,0.03616,0.03789
0,149,3111.6,CLOSE,0.75,0.72049,0.02951,0.03299,0.75,0.71404,0.03596,0.03596
0,150,3132.1,CLOSE,0.755,0.72743,0.02757,0.03625,0.755,0.71924,0.03576,0.0375
0,151,3153.2,CLOSE,0.76,0.7309,0.0291,0.03257,0.76,0.72617,0.03383,0.03903
0,152,3172.7,CLOSE,0.765,0.73611,0.02889,0.03236,0.765,0.73137,0.03363,0.03536
0,153,3196.2,CLOSE,0.77,0.74306,0.02694,0.03215,0.77,0.73484,0.03516,0.0369
0,154,3215.2,CLOSE,0.775,0.74653,0.02847,0.03194,0.775,0.74523,0.02977,0.03497
0,155,3236.3,CLOSE,0.78,0.75868,0.02132,0.03174,0.78,0.74523,0.03477,0.02957
0,156,3258.2,CLOSE,0.785,0.75521,0.02979,0.02632,0.785,0.7487,0.0363,0.0363
0,157,3278.2,CLOSE,0.79,0.76042,0.02958,0.02264,0.79,0.75563,0.03437,0.0361
0,158,3299.6,CLOSE,0.795,0.76562,0.02938,0.03285,0.795,0.75737,0.03763,0.02897
0,159,3319.0,CLOSE,0.8,0.76736,0.03264,0.0309,0.8,0.76776,0.03224,0.02877
0,160,3339.8,CLOSE,0.805,0.77431,0.03069,0.03069,0.805,0.77123,0.03377,0.03377
0,161,3360.6,CLOSE,0.81,0.77604,0.03396,0.03569,0.81,0.77296,0.03704,0.0353
0,162,3381.2,CLOSE,0.815,0.78299,0.03201,0.03375,0.815,0.7799,0.0351,0.0351
0,163,3403.1,CLOSE,0.82,0.79688,0.02313,0.03354,0.82,0.78683,0.03317,0.03664
0,164,3424.2,CLOSE,0.825,0.79861,0.02639,0.03333,0.825,0.79029,0.03471,0.03644
0,165,3444.6,CLOSE,0.83,0.80903,0.02097,0.03313,0.83,0.80069,0.02931,0.02931
0,166,3464.5,CLOSE,0.835,0.80729,0.02771,0.03465,0.835,0.80416,0.03084,0.03604
0,167,3486.0,CLOSE,0.84,0.81076,0.02924,0.03444,0.84,0.80763,0.03237,0.03584
0,168,3507.2,CLOSE,0.845,0.81424,0.03076,0.0325,0.845,0.81456,0.03044,0.03564
0,169,3528.8,CLOSE,0.85,0.82812,0.02188,0.02882,0.85,0.82669,0.02331,0.03024
0,170,3549.4,CLOSE,0.855,0.82465,0.03035,0.03208,0.855,0.82496,0.03004,0.03351
0,171,3570.5,CLOSE,0.86,0.82986,0.03014,0.03188,0.86,0.82842,0.03158,0.03158
0,172,3592.5,CLOSE,0.865,0.83507,0.02993,0.02993,0.865,0.83536,0.02964,0.03658
0,173,3612.4,CLOSE,0.87,0.84028,0.02972,0.03146,0.87,0.83882,0.03118,0.03464
0,174,3633.0,CLOSE,0.875,0.84375,0.03125,0.03125,0.875,0.84229,0.03271,0.03445
0,175,3652.3,CLOSE,0.88,0.84722,0.03278,0.03104,0.88,0.84922,0.03078,0.03251
0,176,3673.6,CLOSE,0.885,0.8559,0.0291,0.0291,0.885,0.85269,0.03231,0.02365
0,177,3694.5,CLOSE,0.89,0.86979,0.02021,0.03063,0.89,0.85962,0.03038,0.02865
0,178,3716.8,CLOSE,0.895,0.86285,0.03215,0.02521,0.895,0.86135,0.03365,0.02845
0,179,3735.0,CLOSE,0.9,0.86806,0.03194,0.03021,0.9,0.86655,0.03345,0.02998
0,180,3755.9,CLOSE,0.905,0.875,0.03,0.02826,0.905,0.87695,0.02805,0.02805
0,181,3777.1,CLOSE,0.91,0.87847,0.03153,0.03153,0.91,0.87522,0.03478,0.02092
0,182,3799.8,CLOSE,0.915,0.89062,0.02438,0.02958,0.915,0.88042,0.03458,0.02765
0,183,3820.6,CLOSE,0.92,0.88715,0.03285,0.03285,0.92,0.88388,0.03612,0.02745
0,184,3839.4,CLOSE,0.925,0.89236,0.03264,0.0309,0.925,0.88735,0.03765,0.02205
0,185,3860.5,CLOSE,0.93,0.89757,0.03243,0.02549,0.93,0.89081,0.03919,0.02879
0,186,3883.3,CLOSE,0.935,0.90104,0.03396,0.02701,0.935,0.89255,0.04245,0.02859
0,187,3903.0,CLOSE,0.94,0.90451,0.03549,0.03375,0.94,0.89775,0.04225,0.02839
0,188,3923.6,CLOSE,0.945,0.90972,0.03528,0.03007,0.945,0.90295,0.04205,0.03166
0,189,3943.6,CLOSE,0.95,0.91667,0.03333,0.03507,0.95,0.90815,0.04185,0.03319
0,190,3964.5,CLOSE,0.955,0.92535,0.02965,0.03486,0.955,0.91161,0.04339,0.03472
0,191,3987.3,CLOSE,0.96,0.92708,0.03292,0.03465,0.96,0.92028,0.03972,0.03626
0,192,4008.1,CLOSE,0.965,0.93403,0.03097,0.03444,0.965,0.92028,0.04472,0.03086
0,193,4027.6,CLOSE,0.97,0.93576,0.03424,0.03424,0.97,0.92721,0.04279,0.03412
0,194,4051.1,CLOSE,0.975,0.94271,0.03229,0.03576,0.975,0.92894,0.04606,0.03219
0,195,4069.2,CLOSE,0.98,0.94618,0.03382,0.03382,0.98,0.92894,0.05106,0.03373
0,196,4089.4,CLOSE,0.985,0.95139,0.03361,0.03708,0.985,0.93241,0.05259,0.03006
0,197,4110.8,CLOSE,0.99,0.9566,0.0334,0.03688,0.99,0.93761,0.05239,0.03159
0,198,4131.3,CLOSE,0.995,0.96007,0.03493,0.03667,0.995,0.94454,0.05046,0.021
0,199,4152.2,CLOSE,1.0,0.96528,0.03472,0.03646,1.0,0.94627,0.05373,0.02773
1,0,7.9,CLOSE,0.005,0.0,0.005,-0.00021,0.005,0.0,0.005,0.005
1,1,29.0,CLOSE,0.01,0.0,0.01,0.00479,0.01,0.0,0.01,0.01
1,2,49.4,CLOSE,0.015,0.0,0.015,0.00979,0.015,0.0,0.015,0.015
1,3,69.7,CLOSE,0.02,0.0,0.02,0.01479,0.02,0.0,0.02,0.02
1,4,89.9,CLOSE,0.025,0.0,0.025,0.01979,0.025,0.0,0.025,0.025
1,5,109.8,CLOSE,0.03,0.0,0.03,0.02479,0.03,0.0,0.03,0.03
1,6,131.5,CLOSE,0.035,0.0,0.035,0.02979,0.035,0.0,0.035,0.035
1,7,153.2,CLOSE,0.04,0.0,0.04,0.03479,0.04,0.0,0.04,0.04
1,8,173.7,CLOSE,0.045,0.0,0.045,0.03979,0.045,0.0,0.045,0.04153
1,9,195.3,CLOSE,0.05,0.0,0.05,0.04479,0.05,0.00173,0.04827,0.04653
1,10,215.8,CLOSE,0.055,0.00521,0.04979,0.04111,0.055,0.0052,0.0498,0.055
1,11,236.1,CLOSE,0.06,0.01042,0.04958,0.05306,0.06,0.01213,0.04787,0.05133
1,12,257.0,CLOSE,0.065,0.0191,0.0459,0.04937,0.065,0.01733,0.04767,0.0546
1,13,277.9,CLOSE,0.07,0.02431,0.04569,0.04917,0.07,0.02426,0.04574,0.0544
1,14,299.1,CLOSE,0.075,0.03299,0.04201,0.04549,0.075,0.03466,0.04034,0.05074
1,15,320.4,CLOSE,0.08,0.04167,0.03833,0.04701,0.08,0.03813,0.04187,0.04534
1,16,342.6,CLOSE,0.085,0.05035,0.03465,0.04333,0.085,0.04506,0.03994,0.04514
1,17,361.2,CLOSE,0.09,0.05903,0.03097,0.03792,0.09,0.05026,0.03974,0.04667
1,18,382.4,CLOSE,0.095,0.06771,0.02729,0.03424,0.095,0.06239,0.03261,0.04474
1,19,405.2,CLOSE,0.1,0.07639,0.02361,0.03229,0.1,0.06586,0.03414,0.04107
1,20,424.4,CLOSE,0.105,0.0816,0.0234,0.02861,0.105,0.07279,0.03221,0.03741
1,21,444.1,CLOSE,0.11,0.08681,0.02319,0.02667,0.11,0.07972,0.03028,0.03548
1,22,464.9,CLOSE,0.115,0.09201,0.02299,0.02646,0.115,0.09012,0.02488,0.03528
1,23,484.9,CLOSE,0.12,0.09722,0.02278,0.02625,0.12,0.09359,0.02641,0.03161
1,24,507.9,CLOSE,0.125,0.10069,0.02431,0.02604,0.125,0.10225,0.02275,0.03141
1,25,528.3,CLOSE,0.13,0.10243,0.02757,0.02757,0.13,0.10919,0.02081,0.02775
1,26,548.9,CLOSE,0.135,0.10417,0.03083,0.02736,0.135,0.11265,0.02235,0.02581
1,27,570.1,CLOSE,0.14,0.10764,0.03236,0.02889,0.14,0.11785,0.02215,0.02735
1,28,591.7,CLOSE,0.145,0.10764,0.03736,0.03042,0.145,0.12132,0.02368,0.02715
1,29,611.9,CLOSE,0.15,0.10938,0.04063,0.03194,0.15,0.13345,0.01655,0.02522
1,30,632.1,CLOSE,0.155,0.11111,0.04389,0.03694,0.155,0.12652,0.02848,0.03022
1,31,651.6,CLOSE,0.16,0.11285,0.04715,0.04021,0.16,0.12825,0.03175,0.03175
1,32,672.8,CLOSE,0.165,0.12153,0.04347,0.04174,0.165,0.12998,0.03502,0.03328
1,33,693.5,CLOSE,0.17,0.125,0.045,0.04847,0.17,0.13172,0.03828,0.03828
1,34,715.8,CLOSE,0.175,0.12326,0.05174,0.03958,0.175,0.13345,0.04155,0.03289
1,35,736.3,CLOSE,0.18,0.12847,0.05153,0.04806,0.18,0.13692,0.04308,0.04135
1,36,756.6,CLOSE,0.185,0.13542,0.04958,0.04438,0.185,0.13865,0.04635,0.04462
1,37,777.7,CLOSE,0.19,0.14583,0.04417,0.04243,0.19,0.14211,0.04789,0.04095
1,38,799.9,CLOSE,0.195,0.14757,0.04743,0.04743,0.195,0.15251,0.04249,0.04595
1,39,822.1,CLOSE,0.2,0.15625,0.04375,0.04375,0.2,0.15251,0.04749,0.04402
1,40,840.1,CLOSE,0.205,0.16493,0.04007,0.04181,0.205,0.15771,0.04729,0.04555
1,41,862.1,CLOSE,0.21,0.17188,0.03813,0.03986,0.21,0.16291,0.04709,0.04536
1,42,884.1,CLOSE,0.215,0.18056,0.03444,0.03444,0.215,0.16984,0.04516,0.04342
1,43,903.5,CLOSE,0.22,0.18924,0.03076,0.03597,0.22,0.18024,0.03976,0.03802
1,44,924.9,CLOSE,0.225,0.20139,0.02361,0.03229,0.225,0.18544,0.03956,0.03956
1,45,945.5,CLOSE,0.23,0.20139,0.02861,0.03208,0.23,0.19237,0.03763,0.03936
1,46,966.1,CLOSE,0.235,0.2066,0.0284,0.03188,0.235,0.19757,0.03743,0.03743
1,47,986.3,CLOSE,0.24,0.21181,0.02819,0.03167,0.24,0.20451,0.03549,0.03723
1,48,1008.2,CLOSE,0.245,0.21701,0.02799,0.03146,0.245,0.20971,0.03529,0.03876
1,49,1027.9,CLOSE,0.25,0.21875,0.03125,0.03299,0.25,0.21664,0.03336,0.0351
1,50,1048.1,CLOSE,0.255,0.22222,0.03278,0.03451,0.255,0.2201,0.0349,0.03663
1,51,1069.9,CLOSE,0.26,0.23785,0.02215,0.03778,0.26,0.22704,0.03296,0.03643
1,52,1090.8,CLOSE,0.265,0.23438,0.03063,0.04104,0.265,0.2305,0.0345,0.03623
1,53,1111.8,CLOSE,0.27,0.23438,0.03563,0.04083,0.27,0.2357,0.0343,0.03256
1,54,1132.4,CLOSE,0.275,0.23958,0.03542,0.04236,0.275,0.2409,0.0341,0.03583
1,55,1153.5,CLOSE,0.28,0.24306,0.03694,0.04215,0.28,0.2461,0.0339,0.03563
1,56,1172.9,CLOSE,0.285,0.24826,0.03674,0.04194,0.285,0.2513,0.0337,0.0389
1,57,1195.5,CLOSE,0.29,0.25174,0.03826,0.04,0.29,0.25303,0.03697,0.0387
1,58,1215.4,CLOSE,0.295,0.25694,0.03806,0.03979,0.295,0.2617,0.0333,0.04023
1,59,1234.7,CLOSE,0.3,0.26215,0.03785,0.03958,0.3,0.26516,0.03484,0.04177
1,60,1258.0,CLOSE,0.305,0.2691,0.0359,0.03764,0.305,0.2721,0.0329,0.0433
1,61,1277.1,CLOSE,0.31,0.27604,0.03396,0.03049,0.31,0.27383,0.03617,0.0483
1,62,1301.2,CLOSE,0.315,0.28299,0.03201,0.03375,0.315,0.28076,0.03424,0.04637
1,63,1319.8,CLOSE,0.32,0.29167,0.02833,0.03354,0.32,0.28423,0.03577,0.04617
1,64,1341.9,CLOSE,0.325,0.2934,0.0316,0.02639,0.325,0.28943,0.03557,0.04077
1,65,1362.8,CLOSE,0.33,0.29861,0.03139,0.02965,0.33,0.29463,0.03537,0.04404
1,66,1382.1,CLOSE,0.335,0.30382,0.03118,0.02944,0.335,0.29809,0.03691,0.04211
1,67,1403.6,CLOSE,0.34,0.30556,0.03444,0.02924,0.34,0.29983,0.04017,0.04017
1,68,1423.7,CLOSE,0.345,0.30903,0.03597,0.02903,0.345,0.30503,0.03997,0.04171
1,69,1443.5,CLOSE,0.35,0.30903,0.04097,0.02708,0.35,0.30676,0.04324,0.03977
1,70,1464.0,CLOSE,0.355,0.3125,0.0425,0.02861,0.355,0.30849,0.04651,0.03784
1,71,1485.6,CLOSE,0.36,0.32118,0.03882,0.03014,0.36,0.31196,0.04804,0.03591
1,72,1507.3,CLOSE,0.365,0.32639,0.03861,0.02993,0.365,0.31716,0.04784,0.03571
1,73,1527.9,CLOSE,0.37,0.34201,0.02799,0.03146,0.37,0.32409,0.04591,0.03378
1,74,1548.7,CLOSE,0.375,0.34375,0.03125,0.03299,0.375,0.33276,0.04224,0.03358
1,75,1570.0,CLOSE,0.38,0.34722,0.03278,0.02757,0.38,0.33795,0.04205,0.03165
1,76,1591.3,CLOSE,0.385,0.3559,0.0291,0.03257,0.385,0.34315,0.04185,0.03318
1,77,1609.4,CLOSE,0.39,0.35764,0.03236,0.0341,0.39,0.35182,0.03818,0.03125
1,78,1631.0,CLOSE,0.395,0.36458,0.03042,0.03215,0.395,0.35875,0.03625,0.03105
1,79,1653.0,CLOSE,0.4,0.36979,0.03021,0.03368,0.4,0.36742,0.03258,0.03258
1,80,1672.1,CLOSE,0.405,0.37674,0.02826,0.03521,0.405,0.37262,0.03238,0.03412
1,81,1695.9,CLOSE,0.41,0.38368,0.02632,0.03674,0.41,0.38128,0.02872,0.03218
1,82,1714.5,CLOSE,0.415,0.38715,0.02785,0.03479,0.415,0.38475,0.03025,0.03372
1,83,1735.6,CLOSE,0.42,0.39236,0.02764,0.03458,0.42,0.39168,0.02832,0.03525
1,84,1758.4,CLOSE,0.425,0.39931,0.02569,0.0309,0.425,0.39861,0.02639,0.03505
1,85,1778.4,CLOSE,0.43,0.40278,0.02722,0.02896,0.43,0.40208,0.02792,0.03485
1,86,1798.5,CLOSE,0.435,0.40799,0.02701,0.02875,0.435,0.40728,0.02772,0.03465
1,87,1820.0,CLOSE,0.44,0.41319,0.02681,0.02507,0.44,0.41594,0.02406,0.03445
1,88,1841.9,CLOSE,0.445,0.4184,0.0266,0.02833,0.445,0.41768,0.02732,0.03599
1,89,1862.5,CLOSE,0.45,0.42188,0.02813,0.02986,0.45,0.42114,0.02886,0.03406
1,90,1882.5,CLOSE,0.455,0.42708,0.02792,0.02965,0.455,0.42634,0.02866,0.03212
1,91,1903.3,CLOSE,0.46,0.43056,0.02944,0.02944,0.46,0.43154,0.02846,0.03539
1,92,1923.7,CLOSE,0.465,0.43924,0.02576,0.03097,0.465,0.43501,0.02999,0.03519
1,93,1943.1,CLOSE,0.47,0.43924,0.03076,0.03076,0.47,0.43674,0.03326,0.03326
1,94,1964.2,CLOSE,0.475,0.44444,0.03056,0.03056,0.475,0.44021,0.03479,0.03479
1,95,1986.1,CLOSE,0.48,0.44965,0.03035,0.03035,0.48,0.44541,0.03459,0.03633
1,96,2005.6,CLOSE,0.485,0.45312,0.03188,0.0284,0.485,0.44887,0.03613,0.03613
1,97,2027.1,CLOSE,0.49,0.45833,0.03167,0.03167,0.49,0.45407,0.03593,0.03419
1,98,2047.7,CLOSE,0.495,0.46354,0.03146,0.03146,0.495,0.45927,0.03573,0.03573
1,99,2069.9,CLOSE,0.5,0.46875,0.03125,0.03125,0.5,0.46274,0.03726,0.03553
1,100,2089.3,CLOSE,0.505,0.47396,0.03104,0.03451,0.505,0.47314,0.03186,0.0336
1,101,2110.0,CLOSE,0.51,0.47743,0.03257,0.02736,0.51,0.48007,0.02993,0.03686
1,102,2133.1,CLOSE,0.515,0.48264,0.03236,0.03063,0.515,0.48527,0.02973,0.0332
1,103,2153.2,CLOSE,0.52,0.48785,0.03215,0.03563,0.52,0.48527,0.03473,0.0382
1,104,2174.1,CLOSE,0.525,0.49479,0.03021,0.03542,0.525,0.48873,0.03627,0.0328
1,105,2194.0,CLOSE,0.53,0.50694,0.02306,0.02479,0.53,0.49913,0.03087,0.03087
1,106,2214.2,CLOSE,0.535,0.51215,0.02285,0.02285,0.535,0.50953,0.02547,0.0272
1,107,2237.8,CLOSE,0.54,0.52257,0.01743,0.0209,0.54,0.52166,0.01834,0.0218
1,108,2258.9,CLOSE,0.545,0.52951,0.01549,0.01549,0.545,0.52513,0.01987,0.01987
1,109,2278.2,CLOSE,0.55,0.53125,0.01875,0.01701,0.55,0.5286,0.0214,0.02314
1,110,2299.6,CLOSE,0.555,0.53472,0.02028,0.02028,0.555,0.53206,0.02294,0.0212
1,111,2319.5,CLOSE,0.56,0.53646,0.02354,0.02528,0.56,0.53553,0.02447,0.0262
1,112,2340.6,CLOSE,0.565,0.54167,0.02333,0.02681,0.565,0.54073,0.02427,0.02774
1,113,2360.5,CLOSE,0.57,0.54861,0.02139,0.03007,0.57,0.54073,0.02927,0.02927
1,114,2381.3,CLOSE,0.575,0.54688,0.02813,0.0316,0.575,0.54419,0.03081,0.03081
1,115,2403.9,CLOSE,0.58,0.54688,0.03313,0.03486,0.58,0.54766,0.03234,0.03407
1,116,2424.3,CLOSE,0.585,0.55035,0.03465,0.03813,0.585,0.54939,0.03561,0.03041
1,117,2445.2,CLOSE,0.59,0.55382,0.03618,0.03618,0.59,0.55459,0.03541,0.03194
1,118,2464.3,CLOSE,0.595,0.55729,0.03771,0.03771,0.595,0.56499,0.03001,0.03521
1,119,2486.7,CLOSE,0.6,0.56944,0.03056,0.04097,0.6,0.56672,0.03328,0.03847
1,120,2508.0,CLOSE,0.605,0.56597,0.03903,0.03382,0.605,0.56846,0.03654,0.03828
1,121,2526.8,CLOSE,0.61,0.57118,0.03882,0.04056,0.61,0.57019,0.03981,0.04154
1,122,2547.9,CLOSE,0.615,0.57812,0.03688,0.03861,0.615,0.57886,0.03614,0.04134
1,123,2568.3,CLOSE,0.62,0.5816,0.0384,0.0384,0.62,0.58406,0.03594,0.03941
1,124,2590.8,CLOSE,0.625,0.59201,0.03299,0.03819,0.625,0.58925,0.03575,0.04094
1,125,2611.3,CLOSE,0.63,0.59375,0.03625,0.03625,0.63,0.59792,0.03208,0.03901
1,126,2630.9,CLOSE,0.635,0.59896,0.03604,0.03604,0.635,0.60312,0.03188,0.03881
1,127,2652.0,CLOSE,0.64,0.60764,0.03236,0.03583,0.64,0.60832,0.03168,0.03341
1,128,2672.9,CLOSE,0.645,0.61111,0.03389,0.03563,0.645,0.61525,0.02975,0.03668
1,129,2695.7,CLOSE,0.65,0.61806,0.03194,0.03368,0.65,0.61872,0.03128,0.03648
1,130,2715.8,CLOSE,0.655,0.62153,0.03347,0.03174,0.655,0.62565,0.02935,0.03628
1,131,2736.8,CLOSE,0.66,0.63542,0.02458,0.035,0.66,0.63258,0.02742,0.03435
1,132,2758.5,CLOSE,0.665,0.63542,0.02958,0.03132,0.665,0.63778,0.02722,0.03242
1,133,2778.2,CLOSE,0.67,0.64062,0.02938,0.0259,0.67,0.64471,0.02529,0.03049
1,134,2798.7,CLOSE,0.675,0.64757,0.02743,0.03264,0.675,0.64645,0.02855,0.03029
1,135,2819.2,CLOSE,0.68,0.65278,0.02722,0.02549,0.68,0.64991,0.03009,0.03009
1,136,2839.9,CLOSE,0.685,0.65625,0.02875,0.03049,0.685,0.65511,0.02989,0.03162
1,137,2861.3,CLOSE,0.69,0.66146,0.02854,0.03028,0.69,0.65858,0.03142,0.03142
1,138,2882.5,CLOSE,0.695,0.66667,0.02833,0.03181,0.695,0.66724,0.02776,0.03295
1,139,2902.2,CLOSE,0.7,0.67535,0.02465,0.0316,0.7,0.66724,0.03276,0.03102
1,140,2922.9,CLOSE,0.705,0.67361,0.03139,0.03313,0.705,0.67244,0.03256,0.03429
1,141,2945.1,CLOSE,0.71,0.68229,0.02771,0.03292,0.71,0.67418,0.03582,0.03062
1,142,2965.9,CLOSE,0.715,0.68576,0.02924,0.03444,0.715,0.67764,0.03736,0.03562
1,143,2985.5,CLOSE,0.72,0.68924,0.03076,0.02903,0.72,0.68111,0.03889,0.03716
1,144,3005.9,CLOSE,0.725,0.69618,0.02882,0.03229,0.725,0.68631,0.03869,0.03696
1,145,3027.6,CLOSE,0.73,0.69792,0.03208,0.03035,0.73,0.69151,0.03849,0.03676
1,146,3048.1,CLOSE,0.735,0.71007,0.02493,0.03535,0.735,0.69671,0.03829,0.04003
1,147,3069.8,CLOSE,0.74,0.7066,0.0334,0.0334,0.74,0.70364,0.03636,0.03636
1,148,3089.8,CLOSE,0.745,0.71354,0.03146,0.03493,0.745,0.71057,0.03443,0.03789
1,149,3111.4,CLOSE,0.75,0.71701,0.03299,0.03299,0.75,0.71404,0.03596,0.03596
1,150,3131.3,CLOSE,0.755,0.72222,0.03278,0.03625,0.755,0.72444,0.03056,0.0375
1,151,3154.3,CLOSE,0.76,0.72917,0.03083,0.03257,0.76,0.73137,0.02863,0.03903
1,152,3174.2,CLOSE,0.765,0.73438,0.03063,0.03236,0.765,0.73137,0.03363,0.03536
1,153,3196.5,CLOSE,0.77,0.73958,0.03042,0.03215,0.77,0.73657,0.03343,0.0369
1,154,3217.0,CLOSE,0.775,0.74479,0.03021,0.03194,0.775,0.74177,0.03323,0.03497
1,155,3236.8,CLOSE,0.78,0.75,0.03,0.03174,0.78,0.74697,0.03303,0.02957
1,156,3257.5,CLOSE,0.785,0.75347,0.03153,0.02632,0.785,0.75043,0.03457,0.0363
1,157,3277.8,CLOSE,0.79,0.76042,0.02958,0.02264,0.79,0.76083,0.02917,0.0361
1,158,3298.1,CLOSE,0.795,0.76736,0.02764,0.03285,0.795,0.7643,0.0307,0.02897
1,159,3319.8,CLOSE,0.8,0.77083,0.02917,0.0309,0.8,0.77296,0.02704,0.02877
1,160,3339.8,CLOSE,0.805,0.78125,0.02375,0.03069,0.805,0.77816,0.02684,0.03377
1,161,3361.6,CLOSE,0.81,0.77951,0.03049,0.03569,0.81,0.7799,0.0301,0.0353
1,162,3382.8,CLOSE,0.815,0.78472,0.03028,0.03375,0.815,0.78336,0.03164,0.0351
1,163,3401.6,CLOSE,0.82,0.78819,0.03181,0.03354,0.82,0.78856,0.03144,0.03664
1,164,3423.3,CLOSE,0.825,0.79514,0.02986,0.03333,0.825,0.79376,0.03124,0.03644
1,165,3443.4,CLOSE,0.83,0.80035,0.02965,0.03313,0.83,0.79896,0.03104,0.02931
1,166,3464.4,CLOSE,0.835,0.80208,0.03292,0.03465,0.835,0.80069,0.03431,0.03604
1,167,3487.0,CLOSE,0.84,0.80729,0.03271,0.03444,0.84,0.80763,0.03237,0.03584
1,168,3507.9,CLOSE,0.845,0.8125,0.0325,0.0325,0.845,0.81282,0.03218,0.03564
1,169,3527.0,CLOSE,0.85,0.81944,0.03056,0.02882,0.85,0.81629,0.03371,0.03024
1,170,3547.8,CLOSE,0.855,0.82292,0.03208,0.03208,0.855,0.82149,0.03351,0.03351
1,171,3569.2,CLOSE,0.86,0.82812,0.03188,0.03188,0.86,0.83016,0.02984,0.03158
1,172,3589.0,CLOSE,0.865,0.8316,0.0334,0.02993,0.865,0.83189,0.03311,0.03658
1,173,3609.9,CLOSE,0.87,0.84201,0.02799,0.03146,0.87,0.83882,0.03118,0.03464
1,174,3633.8,CLOSE,0.875,0.83854,0.03646,0.03125,0.875,0.84575,0.02925,0.03445
1,175,3654.0,CLOSE,0.88,0.84722,0.03278,0.03104,0.88,0.85442,0.02558,0.03251
1,176,3674.1,CLOSE,0.885,0.86111,0.02389,0.0291,0.885,0.85442,0.03058,0.02365
1,177,3695.3,CLOSE,0.89,0.86632,0.02368,0.03063,0.89,0.85962,0.03038,0.02865
1,178,3716.4,CLOSE,0.895,0.86806,0.02694,0.02521,0.895,0.86655,0.02845,0.02845
1,179,3736.4,CLOSE,0.9,0.86979,0.03021,0.03021,0.9,0.87002,0.02998,0.02998
1,180,3759.2,CLOSE,0.905,0.875,0.03,0.02826,0.905,0.87695,0.02805,0.02805
1,181,3778.2,CLOSE,0.91,0.88194,0.02806,0.03153,0.91,0.88562,0.02438,0.02092
1,182,3799.6,CLOSE,0.915,0.88368,0.03132,0.02958,0.915,0.88388,0.03112,0.02765
1,183,3820.3,CLOSE,0.92,0.88715,0.03285,0.03285,0.92,0.88562,0.03438,0.02745
1,184,3839.2,CLOSE,0.925,0.89236,0.03264,0.0309,0.925,0.88908,0.03592,0.02205
1,185,3859.6,CLOSE,0.93,0.89583,0.03417,0.02549,0.93,0.88908,0.04092,0.02879
1,186,3882.6,CLOSE,0.935,0.90104,0.03396,0.02701,0.935,0.90468,0.03032,0.02859
1,187,3901.4,CLOSE,0.94,0.90799,0.03201,0.03375,0.94,0.89948,0.04052,0.02839
1,188,3923.0,CLOSE,0.945,0.91146,0.03354,0.03007,0.945,0.90815,0.03685,0.03166
1,189,3943.8,CLOSE,0.95,0.91146,0.03854,0.03507,0.95,0.90815,0.04185,0.03319
1,190,3964.7,CLOSE,0.955,0.91667,0.03833,0.03486,0.955,0.91334,0.04166,0.03472
1,191,3984.4,CLOSE,0.96,0.92188,0.03813,0.03465,0.96,0.91508,0.04492,0.03626
1,192,4005.7,CLOSE,0.965,0.93576,0.02924,0.03444,0.965,0.91681,0.04819,0.03086
1,193,4026.2,CLOSE,0.97,0.93924,0.03076,0.03424,0.97,0.92201,0.04799,0.03412
1,194,4047.6,CLOSE,0.975,0.94271,0.03229,0.03576,0.975,0.92548,0.04952,0.03219
1,195,4068.3,CLOSE,0.98,0.94271,0.03729,0.03382,0.98,0.93588,0.04412,0.03373
1,196,4089.9,CLOSE,0.985,0.94965,0.03535,0.03708,0.985,0.93761,0.04739,0.03006
1,197,4113.4,CLOSE,0.99,0.95486,0.03514,0.03688,0.99,0.94454,0.04546,0.03159
1,198,4133.2,CLOSE,0.995,0.95833,0.03667,0.03667,0.995,0.94107,0.05393,0.021
1,199,4153.4,CLOSE,1.0,0.96181,0.03819,0.03646,1.0,0.94454,0.05546,0.02773
2,0,6.7,CLOSE,0.005,0.00174,0.00326,-0.00021,0.005,0.0,0.005,0.005
2,1,28.4,CLOSE,0.01,0.00174,0.00826,0.00479,0.01,0.0,0.01,0.01
2,2,49.1,CLOSE,0.015,0.00174,0.01326,0.00979,0.015,0.0,0.015,0.015
2,3,69.9,CLOSE,0.02,0.00174,0.01826,0.01479,0.02,0.0,0.02,0.02
2,4,90.9,CLOSE,0.025,0.00174,0.02326,0.01979,0.025,0.0,0.025,0.025
2,5,109.9,CLOSE,0.03,0.00174,0.02826,0.02479,0.03,0.0,0.03,0.03
2,6,130.6,CLOSE,0.035,0.00174,0.03326,0.02979,0.035,0.0,0.035,0.035
2,7,152.5,CLOSE,0.04,0.00174,0.03826,0.03479,0.04,0.0,0.04,0.04
2,8,172.7,CLOSE,0.045,0.00174,0.04326,0.03979,0.045,0.0,0.045,0.04153
2,9,196.0,CLOSE,0.05,0.00174,0.04826,0.04479,0.05,0.00347,0.04653,0.04653
2,10,215.8,CLOSE,0.055,0.00347,0.05153,0.04111,0.055,0.00867,0.04633,0.055
2,11,235.5,CLOSE,0.06,0.00868,0.05132,0.05306,0.06,0.01386,0.04614,0.05133
2,12,257.1,CLOSE,0.065,0.01389,0.05111,0.04937,0.065,0.0208,0.0442,0.0546
2,13,279.5,CLOSE,0.07,0.02083,0.04917,0.04917,0.07,0.02946,0.04054,0.0544
2,14,299.0,CLOSE,0.075,0.03299,0.04201,0.04549,0.075,0.0364,0.0386,0.05074
2,15,318.5,CLOSE,0.08,0.03819,0.04181,0.04701,0.08,0.04333,0.03667,0.04534
2,16,339.8,CLOSE,0.085,0.04861,0.03639,0.04333,0.085,0.05199,0.03301,0.04514
2,17,359.8,CLOSE,0.09,0.06076,0.02924,0.03792,0.09,0.05719,0.03281,0.04667
2,18,380.9,CLOSE,0.095,0.06771,0.02729,0.03424,0.095,0.06412,0.03088,0.04474
2,19,402.9,CLOSE,0.1,0.07292,0.02708,0.03229,0.1,0.07106,0.02894,0.04107
2,20,422.1,CLOSE,0.105,0.07986,0.02514,0.02861,0.105,0.07626,0.02874,0.03741
2,21,443.5,CLOSE,0.11,0.08681,0.02319,0.02667,0.11,0.08319,0.02681,0.03548
2,22,464.4,CLOSE,0.115,0.09028,0.02472,0.02646,0.115,0.08666,0.02834,0.03528
2,23,484.4,CLOSE,0.12,0.09549,0.02451,0.02625,0.12,0.09185,0.02815,0.03161
2,24,505.2,CLOSE,0.125,0.09896,0.02604,0.02604,0.125,0.09359,0.03141,0.03141
2,25,529.1,CLOSE,0.13,0.10243,0.02757,0.02757,0.13,0.09879,0.03121,0.02775
2,26,547.7,CLOSE,0.135,0.10938,0.02563,0.02736,0.135,0.10052,0.03448,0.02581
2,27,569.8,CLOSE,0.14,0.10764,0.03236,0.02889,0.14,0.10399,0.03601,0.02735
2,28,588.0,CLOSE,0.145,0.11111,0.03389,0.03042,0.145,0.10745,0.03755,0.02715
2,29,608.8,CLOSE,0.15,0.11285,0.03715,0.03194,0.15,0.10919,0.04081,0.02522
2,30,631.2,CLOSE,0.155,0.11458,0.04042,0.03694,0.155,0.11265,0.04235,0.03022
2,31,651.6,CLOSE,0.16,0.11632,0.04368,0.04021,0.16,0.11612,0.04388,0.03175
2,32,673.0,CLOSE,0.165,0.11979,0.04521,0.04174,0.165,0.11958,0.04542,0.03328
2,33,696.7,CLOSE,0.17,0.12674,0.04326,0.04847,0.17,0.12478,0.04522,0.03828
2,34,717.4,CLOSE,0.175,0.13021,0.04479,0.03958,0.175,0.13518,0.03982,0.03289
2,35,735.6,CLOSE,0.18,0.13542,0.04458,0.04806,0.18,0.13692,0.04308,0.04135
2,36,757.1,CLOSE,0.185,0.14062,0.04438,0.04438,0.185,0.14211,0.04289,0.04462
2,37,779.6,CLOSE,0.19,0.14757,0.04243,0.04243,0.19,0.14731,0.04269,0.04095
2,38,798.4,CLOSE,0.195,0.15799,0.03701,0.04743,0.195,0.15078,0.04422,0.04595
2,39,818.1,CLOSE,0.2,0.16146,0.03854,0.04375,0.2,0.15771,0.04229,0.04402
2,40,838.3,CLOSE,0.205,0.16667,0.03833,0.04181,0.205,0.16291,0.04209,0.04555
2,41,859.9,CLOSE,0.21,0.17708,0.03292,0.03986,0.21,0.16984,0.04016,0.04536
2,42,880.3,CLOSE,0.215,0.18056,0.03444,0.03444,0.215,0.17678,0.03822,0.04342
2,43,901.2,CLOSE,0.22,0.18576,0.03424,0.03597,0.22,0.18371,0.03629,0.03802
2,44,922.6,CLOSE,0.225,0.19271,0.03229,0.03229,0.225,0.19064,0.03436,0.03956
2,45,943.9,CLOSE,0.23,0.19965,0.03035,0.03208,0.23,0.19584,0.03416,0.03936
2,46,966.9,CLOSE,0.235,0.20139,0.03361,0.03188,0.235,0.20104,0.03396,0.03743
2,47,985.2,CLOSE,0.24,0.20833,0.03167,0.03167,0.24,0.20451,0.03549,0.03723
2,48,1005.9,CLOSE,0.245,0.21354,0.03146,0.03146,0.245,0.20971,0.03529,0.03876
2,49,1029.8,CLOSE,0.25,0.21701,0.03299,0.03299,0.25,0.2149,0.0351,0.0351
2,50,1047.9,CLOSE,0.255,0.22049,0.03451,0.03451,0.255,0.2201,0.0349,0.03663
2,51,1068.5,CLOSE,0.26,0.22569,0.03431,0.03778,0.26,0.2253,0.0347,0.03643
2,52,1089.7,CLOSE,0.265,0.2309,0.0341,0.04104,0.265,0.22877,0.03623,0.03623
2,53,1110.5,CLOSE,0.27,0.23611,0.03389,0.04083,0.27,0.23744,0.03256,0.03256
2,54,1130.7,CLOSE,0.275,0.23958,0.03542,0.04236,0.275,0.2409,0.0341,0.03583
2,55,1152.8,CLOSE,0.28,0.24826,0.03174,0.04215,0.28,0.24263,0.03737,0.03563
2,56,1173.5,CLOSE,0.285,0.25521,0.02979,0.04194,0.285,0.24783,0.03717,0.0389
2,57,1194.6,CLOSE,0.29,0.25521,0.03479,0.04,0.29,0.25303,0.03697,0.0387
2,58,1214.3,CLOSE,0.295,0.26042,0.03458,0.03979,0.295,0.25823,0.03677,0.04023
2,59,1236.1,CLOSE,0.3,0.26736,0.03264,0.03958,0.3,0.26343,0.03657,0.04177
2,60,1257.5,CLOSE,0.305,0.27257,0.03243,0.03764,0.305,0.27036,0.03464,0.0433
2,61,1276.9,CLOSE,0.31,0.27951,0.03049,0.03049,0.31,0.2773,0.0327,0.0483
2,62,1298.1,CLOSE,0.315,0.28299,0.03201,0.03375,0.315,0.28076,0.03424,0.04637
2,63,1318.3,CLOSE,0.32,0.28993,0.03007,0.03354,0.32,0.2825,0.0375,0.04617
2,64,1340.1,CLOSE,0.325,0.2934,0.0316,0.02639,0.325,0.28943,0.03557,0.04077
2,65,1360.1,CLOSE,0.33,0.30208,0.02792,0.02965,0.33,0.29809,0.03191,0.04404
2,66,1381.0,CLOSE,0.335,0.30035,0.03465,0.02944,0.335,0.30156,0.03344,0.04211
2,67,1403.3,CLOSE,0.34,0.30729,0.03271,0.02924,0.34,0.30503,0.03497,0.04017
2,68,1423.4,CLOSE,0.345,0.30382,0.04118,0.02903,0.345,0.30329,0.04171,0.04171
2,69,1445.2,CLOSE,0.35,0.30729,0.04271,0.02708,0.35,0.30329,0.04671,0.03977
2,70,1465.6,CLOSE,0.355,0.31424,0.04076,0.02861,0.355,0.30849,0.04651,0.03784
2,71,1484.5,CLOSE,0.36,0.31944,0.04056,0.03014,0.36,0.31369,0.04631,0.03591
2,72,1508.0,CLOSE,0.365,0.32639,0.03861,0.02993,0.365,0.32236,0.04264,0.03571
2,73,1529.0,CLOSE,0.37,0.33854,0.03146,0.03146,0.37,0.32756,0.04244,0.03378
2,74,1549.1,CLOSE,0.375,0.33854,0.03646,0.03299,0.375,0.33449,0.04051,0.03358
2,75,1568.8,CLOSE,0.38,0.34549,0.03451,0.02757,0.38,0.34142,0.03858,0.03165
2,76,1590.7,CLOSE,0.385,0.35069,0.03431,0.03257,0.385,0.34835,0.03665,0.03318
2,77,1610.7,CLOSE,0.39,0.35764,0.03236,0.0341,0.39,0.35529,0.03471,0.03125
2,78,1631.6,CLOSE,0.395,0.36458,0.03042,0.03215,0.395,0.36049,0.03451,0.03105
2,79,1652.8,CLOSE,0.4,0.36806,0.03194,0.03368,0.4,0.36742,0.03258,0.03258
2,80,1673.6,CLOSE,0.405,0.37847,0.02653,0.03521,0.405,0.37435,0.03065,0.03412
2,81,1695.0,CLOSE,0.41,0.38542,0.02458,0.03674,0.41,0.38475,0.02525,0.03218
2,82,1717.4,CLOSE,0.415,0.38889,0.02611,0.03479,0.415,0.38648,0.02852,0.03372
2,83,1737.6,CLOSE,0.42,0.3941,0.0259,0.03458,0.42,0.39168,0.02832,0.03525
2,84,1757.5,CLOSE,0.425,0.39931,0.02569,0.0309,0.425,0.39515,0.02985,0.03505
2,85,1779.1,CLOSE,0.43,0.40278,0.02722,0.02896,0.43,0.40035,0.02965,0.03485
2,86,1799.5,CLOSE,0.435,0.40972,0.02528,0.02875,0.435,0.40381,0.03119,0.03465
2,87,1819.0,CLOSE,0.44,0.41146,0.02854,0.02507,0.44,0.40728,0.03272,0.03445
2,88,1840.9,CLOSE,0.445,0.41667,0.02833,0.02833,0.445,0.41248,0.03252,0.03599
2,89,1860.8,CLOSE,0.45,0.42014,0.02986,0.02986,0.45,0.42114,0.02886,0.03406
2,90,1881.7,CLOSE,0.455,0.42188,0.03313,0.02965,0.455,0.42288,0.03212,0.03212
2,91,1902.2,CLOSE,0.46,0.43056,0.02944,0.02944,0.46,0.42461,0.03539,0.03539
2,92,1922.5,CLOSE,0.465,0.43229,0.03271,0.03097,0.465,0.42981,0.03519,0.03519
2,93,1943.0,CLOSE,0.47,0.4375,0.0325,0.03076,0.47,0.43674,0.03326,0.03326
2,94,1966.0,CLOSE,0.475,0.44271,0.03229,0.03056,0.475,0.43674,0.03826,0.03479
2,95,1985.6,CLOSE,0.48,0.44618,0.03382,0.03035,0.48,0.44194,0.03806,0.03633
2,96,2007.6,CLOSE,0.485,0.45139,0.03361,0.0284,0.485,0.44714,0.03786,0.03613
2,97,2027.6,CLOSE,0.49,0.4566,0.0334,0.03167,0.49,0.45407,0.03593,0.03419
2,98,2047.7,CLOSE,0.495,0.46354,0.03146,0.03146,0.495,0.45927,0.03573,0.03573
2,99,2068.4,CLOSE,0.5,0.46875,0.03125,0.03125,0.5,0.46447,0.03553,0.03553
2,100,2092.0,CLOSE,0.505,0.47917,0.02583,0.03451,0.505,0.46967,0.03533,0.0336
2,101,2112.7,CLOSE,0.51,0.47917,0.03083,0.02736,0.51,0.47487,0.03513,0.03686
2,102,2134.8,CLOSE,0.515,0.48438,0.03063,0.03063,0.515,0.47834,0.03666,0.0332
2,103,2152.5,CLOSE,0.52,0.48958,0.03042,0.03563,0.52,0.48354,0.03646,0.0382
2,104,2173.3,CLOSE,0.525,0.50347,0.02153,0.03542,0.525,0.49913,0.02587,0.0328
2,105,2196.3,CLOSE,0.53,0.50868,0.02132,0.02479,0.53,0.50607,0.02393,0.03087
2,106,2216.1,CLOSE,0.535,0.51389,0.02111,0.02285,0.535,0.513,0.022,0.0272
2,107,2236.3,CLOSE,0.54,0.52778,0.01222,0.0209,0.54,0.5234,0.0166,0.0218
2,108,2257.1,CLOSE,0.545,0.53125,0.01375,0.01549,0.545,0.52513,0.01987,0.01987
2,109,2279.6,CLOSE,0.55,0.53299,0.01701,0.01701,0.55,0.5286,0.0214,0.02314
2,110,2297.3,CLOSE,0.555,0.53472,0.02028,0.02028,0.555,0.53033,0.02467,0.0212
2,111,2318.4,CLOSE,0.56,0.53819,0.02181,0.02528,0.56,0.53206,0.02794,0.0262
2,112,2339.6,CLOSE,0.565,0.53819,0.02681,0.02681,0.565,0.53553,0.02947,0.02774
2,113,2361.3,CLOSE,0.57,0.53993,0.03007,0.03007,0.57,0.53726,0.03274,0.02927
2,114,2381.1,CLOSE,0.575,0.54167,0.03333,0.0316,0.575,0.54073,0.03427,0.03081
2,115,2401.5,CLOSE,0.58,0.5434,0.0366,0.03486,0.58,0.54246,0.03754,0.03407
2,116,2422.4,CLOSE,0.585,0.54861,0.03639,0.03813,0.585,0.54593,0.03907,0.03041
2,117,2444.5,CLOSE,0.59,0.55382,0.03618,0.03618,0.59,0.55113,0.03887,0.03194
2,118,2466.4,CLOSE,0.595,0.55556,0.03944,0.03771,0.595,0.56326,0.03174,0.03521
2,119,2487.1,CLOSE,0.6,0.56076,0.03924,0.04097,0.6,0.56672,0.03328,0.03847
2,120,2507.3,CLOSE,0.605,0.56597,0.03903,0.03382,0.605,0.57019,0.03481,0.03828
2,121,2529.2,CLOSE,0.61,0.57292,0.03708,0.04056,0.61,0.57192,0.03808,0.04154
2,122,2548.9,CLOSE,0.615,0.57812,0.03688,0.03861,0.615,0.57886,0.03614,0.04134
2,123,2570.3,CLOSE,0.62,0.58507,0.03493,0.0384,0.62,0.58232,0.03768,0.03941
2,124,2589.0,CLOSE,0.625,0.59028,0.03472,0.03819,0.625,0.59445,0.03055,0.04094
2,125,2612.7,CLOSE,0.63,0.59549,0.03451,0.03625,0.63,0.59619,0.03381,0.03901
2,126,2631.7,CLOSE,0.635,0.60417,0.03083,0.03604,0.635,0.60312,0.03188,0.03881
2,127,2653.6,CLOSE,0.64,0.61111,0.02889,0.03583,0.64,0.60485,0.03515,0.03341
2,128,2675.0,CLOSE,0.645,0.61458,0.03042,0.03563,0.645,0.61179,0.03321,0.03668
2,129,2695.7,CLOSE,0.65,0.61979,0.03021,0.03368,0.65,0.61698,0.03302,0.03648
2,130,2715.0,CLOSE,0.655,0.62326,0.03174,0.03174,0.655,0.62218,0.03282,0.03628
2,131,2736.6,CLOSE,0.66,0.63021,0.02979,0.035,0.66,0.62912,0.03088,0.03435
2,132,2757.9,CLOSE,0.665,0.63542,0.02958,0.03132,0.665,0.63432,0.03068,0.03242
2,133,2776.5,CLOSE,0.67,0.64236,0.02764,0.0259,0.67,0.63778,0.03222,0.03049
2,134,2797.6,CLOSE,0.675,0.64583,0.02917,0.03264,0.675,0.64298,0.03202,0.03029
2,135,2818.8,CLOSE,0.68,0.64757,0.03243,0.02549,0.68,0.65338,0.02662,0.03009
2,136,2839.2,CLOSE,0.685,0.65451,0.03049,0.03049,0.685,0.64991,0.03509,0.03162
2,137,2860.6,CLOSE,0.69,0.65799,0.03201,0.03028,0.69,0.65511,0.03489,0.03142
2,138,2881.0,CLOSE,0.695,0.66146,0.03354,0.03181,0.695,0.65858,0.03642,0.03295
2,139,2902.0,CLOSE,0.7,0.67535,0.02465,0.0316,0.7,0.66378,0.03622,0.03102
2,140,2922.0,CLOSE,0.705,0.67188,0.03313,0.03313,0.705,0.66724,0.03776,0.03429
2,141,2944.3,CLOSE,0.71,0.67882,0.03118,0.03292,0.71,0.67244,0.03756,0.03062
2,142,2966.5,CLOSE,0.715,0.69271,0.02229,0.03444,0.715,0.67764,0.03736,0.03562
2,143,2985.5,CLOSE,0.72,0.6875,0.0325,0.02903,0.72,0.68111,0.03889,0.03716
2,144,3006.8,CLOSE,0.725,0.69618,0.02882,0.03229,0.725,0.68977,0.03523,0.03696
2,145,3029.2,CLOSE,0.73,0.69965,0.03035,0.03035,0.73,0.69324,0.03676,0.03676
2,146,3049.2,CLOSE,0.735,0.70486,0.03014,0.03535,0.735,0.69844,0.03656,0.04003
2,147,3070.8,CLOSE,0.74,0.71007,0.02993,0.0334,0.74,0.70884,0.03116,0.03636
2,148,3091.1,CLOSE,0.745,0.71701,0.02799,0.03493,0.745,0.71231,0.03269,0.03789
2,149,3111.0,CLOSE,0.75,0.71875,0.03125,0.03299,0.75,0.71577,0.03423,0.03596
2,150,3132.2,CLOSE,0.755,0.72569,0.02931,0.03625,0.755,0.72617,0.02883,0.0375
2,151,3153.4,CLOSE,0.76,0.73785,0.02215,0.03257,0.76,0.72964,0.03036,0.03903
2,152,3173.8,CLOSE,0.765,0.74132,0.02368,0.03236,0.765,0.73484,0.03016,0.03536
2,153,3193.8,CLOSE,0.77,0.74132,0.02868,0.03215,0.77,0.74523,0.02477,0.0369
2,154,3215.0,CLOSE,0.775,0.74479,0.03021,0.03194,0.775,0.7435,0.0315,0.03497
2,155,3234.5,CLOSE,0.78,0.75,0.03,0.03174,0.78,0.75217,0.02783,0.02957
2,156,3256.3,CLOSE,0.785,0.75521,0.02979,0.02632,0.785,0.7539,0.0311,0.0363
2,157,3277.1,CLOSE,0.79,0.75868,0.03132,0.02264,0.79,0.7591,0.0309,0.0361
2,158,3297.9,CLOSE,0.795,0.76215,0.03285,0.03285,0.795,0.76256,0.03244,0.02897
2,159,3319.9,CLOSE,0.8,0.7691,0.0309,0.0309,0.8,0.76603,0.03397,0.02877
2,160,3339.7,CLOSE,0.805,0.77431,0.03069,0.03069,0.805,0.77123,0.03377,0.03377
2,161,3360.9,CLOSE,0.81,0.77604,0.03396,0.03569,0.81,0.77643,0.03357,0.0353
2,162,3382.2,CLOSE,0.815,0.78299,0.03201,0.03375,0.815,0.78336,0.03164,0.0351
2,163,3403.3,CLOSE,0.82,0.78819,0.03181,0.03354,0.82,0.78856,0.03144,0.03664
2,164,3424.8,CLOSE,0.825,0.79688,0.02813,0.03333,0.825,0.79203,0.03297,0.03644
2,165,3445.9,CLOSE,0.83,0.80729,0.02271,0.03313,0.83,0.80069,0.02931,0.02931
2,166,3465.0,CLOSE,0.835,0.80382,0.03118,0.03465,0.835,0.80763,0.02737,0.03604
2,167,3484.6,CLOSE,0.84,0.80903,0.03097,0.03444,0.84,0.81456,0.02544,0.03584
2,168,3505.6,CLOSE,0.845,0.81771,0.02729,0.0325,0.845,0.81976,0.02524,0.03564
2,169,3527.1,CLOSE,0.85,0.81944,0.03056,0.02882,0.85,0.82149,0.02851,0.03024
2,170,3548.0,CLOSE,0.855,0.82465,0.03035,0.03208,0.855,0.82496,0.03004,0.03351
2,171,3569.5,CLOSE,0.86,0.83681,0.02319,0.03188,0.86,0.83189,0.02811,0.03158
2,172,3590.9,CLOSE,0.865,0.83681,0.02819,0.02993,0.865,0.83882,0.02618,0.03658
2,173,3612.9,CLOSE,0.87,0.84028,0.02972,0.03146,0.87,0.84749,0.02251,0.03464
2,174,3632.1,CLOSE,0.875,0.84549,0.02951,0.03125,0.875,0.85269,0.02231,0.03445
2,175,3652.8,CLOSE,0.88,0.85069,0.02931,0.03104,0.88,0.85442,0.02558,0.03251
2,176,3674.1,CLOSE,0.885,0.8559,0.0291,0.0291,0.885,0.85615,0.02885,0.02365
2,177,3694.2,CLOSE,0.89,0.85938,0.03063,0.03063,0.89,0.86135,0.02865,0.02865
2,178,3714.4,CLOSE,0.895,0.86285,0.03215,0.02521,0.895,0.86308,0.03192,0.02845
2,179,3736.0,CLOSE,0.9,0.86806,0.03194,0.03021,0.9,0.86828,0.03172,0.02998
2,180,3757.5,CLOSE,0.905,0.875,0.03,0.02826,0.905,0.87868,0.02632,0.02805
2,181,3778.7,CLOSE,0.91,0.88542,0.02458,0.03153,0.91,0.87868,0.03132,0.02092
2,182,3798.4,CLOSE,0.915,0.88194,0.03306,0.02958,0.915,0.87868,0.03632,0.02765
2,183,3818.3,CLOSE,0.92,0.88368,0.03632,0.03285,0.92,0.88215,0.03785,0.02745
2,184,3839.2,CLOSE,0.925,0.89583,0.02917,0.0309,0.925,0.89255,0.03245,0.02205
2,185,3859.6,CLOSE,0.93,0.90104,0.02896,0.02549,0.93,0.89255,0.03745,0.02879
2,186,3880.9,CLOSE,0.935,0.89931,0.03569,0.02701,0.935,0.89428,0.04072,0.02859
2,187,3902.1,CLOSE,0.94,0.90625,0.03375,0.03375,0.94,0.90121,0.03879,0.02839
2,188,3922.9,CLOSE,0.945,0.91146,0.03354,0.03007,0.945,0.90468,0.04032,0.03166
2,189,3945.3,CLOSE,0.95,0.91667,0.03333,0.03507,0.95,0.90815,0.04185,0.03319
2,190,3967.1,CLOSE,0.955,0.92014,0.03486,0.03486,0.955,0.92028,0.03472,0.03472
2,191,3986.8,CLOSE,0.96,0.92535,0.03465,0.03465,0.96,0.91508,0.04492,0.03626
2,192,4006.9,CLOSE,0.965,0.93229,0.03271,0.03444,0.965,0.91854,0.04646,0.03086
2,193,4028.1,CLOSE,0.97,0.9375,0.0325,0.03424,0.97,0.92894,0.04106,0.03412
2,194,4049.3,CLOSE,0.975,0.94618,0.02882,0.03576,0.975,0.93934,0.03566,0.03219
2,195,4069.5,CLOSE,0.98,0.94965,0.03035,0.03382,0.98,0.94281,0.03719,0.03373
2,196,4090.7,CLOSE,0.985,0.96007,0.02493,0.03708,0.985,0.93761,0.04739,0.03006
2,197,4113.7,CLOSE,0.99,0.96354,0.02646,0.03688,0.99,0.94454,0.04546,0.03159
2,198,4132.1,CLOSE,0.995,0.96701,0.02799,0.03667,0.995,0.94627,0.04873,0.021
2,199,4152.6,CLOSE,1.0,0.97743,0.02257,0.03646,1.0,0.94801,0.05199,0.02773
3,0,4.7,CLOSE,0.005,0.0,0.005,-0.00021,0.005,0.0,0.005,0.005
3,1,26.4,CLOSE,0.01,0.0,0.01,0.00479,0.01,0.0,0.01,0.01
3,2,51.0,CLOSE,0.015,0.0,0.015,0.00979,0.015,0.0,0.015,0.015
3,3,71.5,CLOSE,0.02,0.0,0.02,0.01479,0.02,0.0,0.02,0.02
3,4,92.4,CLOSE,0.025,0.0,0.025,0.01979,0.025,0.0,0.025,0.025
3,5,110.5,CLOSE,0.03,0.0,0.03,0.02479,0.03,0.0,0.03,0.03
3,6,132.3,CLOSE,0.035,0.0,0.035,0.02979,0.035,0.0,0.035,0.035
3,7,154.5,CLOSE,0.04,0.0,0.04,0.03479,0.04,0.0,0.04,0.04
3,8,174.0,CLOSE,0.045,0.00174,0.04326,0.03979,0.045,0.0,0.045,0.04153
3,9,194.0,CLOSE,0.05,0.00521,0.04479,0.04479,0.05,0.0052,0.0448,0.04653
3,10,215.0,CLOSE,0.055,0.01042,0.04458,0.04111,0.055,0.0052,0.0498,0.055
3,11,236.2,CLOSE,0.06,0.01562,0.04437,0.05306,0.06,0.00693,0.05307,0.05133
3,12,256.9,CLOSE,0.065,0.02604,0.03896,0.04937,0.065,0.01386,0.05114,0.0546
3,13,277.0,CLOSE,0.07,0.03299,0.03701,0.04917,0.07,0.0208,0.0492,0.0544
3,14,297.3,CLOSE,0.075,0.03993,0.03507,0.04549,0.075,0.02773,0.04727,0.05074
3,15,318.9,CLOSE,0.08,0.04688,0.03313,0.04701,0.08,0.03986,0.04014,0.04534
3,16,340.5,CLOSE,0.085,0.05208,0.03292,0.04333,0.085,0.04333,0.04167,0.04514
3,17,361.8,CLOSE,0.09,0.06076,0.02924,0.03792,0.09,0.05199,0.03801,0.04667
3,18,382.5,CLOSE,0.095,0.06597,0.02903,0.03424,0.095,0.06066,0.03434,0.04474
3,19,402.9,CLOSE,0.1,0.07118,0.02882,0.03229,0.1,0.06586,0.03414,0.04107
3,20,422.0,CLOSE,0.105,0.07812,0.02688,0.02861,0.105,0.07279,0.03221,0.03741
3,21,444.2,CLOSE,0.11,0.07986,0.03014,0.02667,0.11,0.07972,0.03028,0.03548
3,22,465.7,CLOSE,0.115,0.0816,0.0334,0.02646,0.115,0.08666,0.02834,0.03528
3,23,486.7,CLOSE,0.12,0.08507,0.03493,0.02625,0.12,0.09185,0.02815,0.03161
3,24,508.4,CLOSE,0.125,0.08854,0.03646,0.02604,0.125,0.09879,0.02621,0.03141
3,25,529.8,CLOSE,0.13,0.09028,0.03972,0.02757,0.13,0.10399,0.02601,0.02775
3,26,550.3,CLOSE,0.135,0.09375,0.04125,0.02736,0.135,0.10745,0.02755,0.02581
3,27,571.7,CLOSE,0.14,0.10243,0.03757,0.02889,0.14,0.11265,0.02735,0.02735
3,28,591.3,CLOSE,0.145,0.10243,0.04257,0.03042,0.145,0.11612,0.02888,0.02715
3,29,610.7,CLOSE,0.15,0.11458,0.03542,0.03194,0.15,0.11785,0.03215,0.02522
3,30,633.0,CLOSE,0.155,0.12153,0.03347,0.03694,0.155,0.12132,0.03368,0.03022
3,31,653.9,CLOSE,0.16,0.11806,0.04194,0.04021,0.16,0.12305,0.03695,0.03175
3,32,674.1,CLOSE,0.165,0.12847,0.03653,0.04174,0.165,0.13345,0.03155,0.03328
3,33,695.4,CLOSE,0.17,0.13194,0.03806,0.04847,0.17,0.13172,0.03828,0.03828
3,34,715.6,CLOSE,0.175,0.13542,0.03958,0.03958,0.175,0.13345,0.04155,0.03289
3,35,735.6,CLOSE,0.18,0.14062,0.03938,0.04806,0.18,0.13692,0.04308,0.04135
3,36,756.0,CLOSE,0.185,0.14583,0.03917,0.04438,0.185,0.14038,0.04462,0.04462
3,37,776.8,CLOSE,0.19,0.15104,0.03896,0.04243,0.19,0.14385,0.04615,0.04095
3,38,797.7,CLOSE,0.195,0.15972,0.03528,0.04743,0.195,0.14731,0.04769,0.04595
3,39,819.8,CLOSE,0.2,0.16493,0.03507,0.04375,0.2,0.15425,0.04575,0.04402
3,40,840.9,CLOSE,0.205,0.17535,0.02965,0.04181,0.205,0.15771,0.04729,0.04555
3,41,860.1,CLOSE,0.21,0.17708,0.03292,0.03986,0.21,0.16291,0.04709,0.04536
3,42,881.1,CLOSE,0.215,0.18576,0.02924,0.03444,0.215,0.16984,0.04516,0.04342
3,43,902.1,CLOSE,0.22,0.19097,0.02903,0.03597,0.22,0.17678,0.04322,0.03802
3,44,924.0,CLOSE,0.225,0.19618,0.02882,0.03229,0.225,0.18371,0.04129,0.03956
3,45,945.1,CLOSE,0.23,0.19792,0.03208,0.03208,0.23,0.19064,0.03936,0.03936
3,46,966.3,CLOSE,0.235,0.20312,0.03188,0.03188,0.235,0.19584,0.03916,0.03743
3,47,985.5,CLOSE,0.24,0.20833,0.03167,0.03167,0.24,0.20277,0.03723,0.03723
3,48,1006.1,CLOSE,0.245,0.21181,0.03319,0.03146,0.245,0.20797,0.03703,0.03876
3,49,1027.6,CLOSE,0.25,0.21701,0.03299,0.03299,0.25,0.2149,0.0351,0.0351
3,50,1049.7,CLOSE,0.255,0.22049,0.03451,0.03451,0.255,0.2201,0.0349,0.03663
3,51,1068.7,CLOSE,0.26,0.22569,0.03431,0.03778,0.26,0.22704,0.03296,0.03643
3,52,1090.9,CLOSE,0.265,0.2309,0.0341,0.04104,0.265,0.23224,0.03276,0.03623
3,53,1111.3,CLOSE,0.27,0.24306,0.02694,0.04083,0.27,0.23917,0.03083,0.03256
3,54,1131.9,CLOSE,0.275,0.24132,0.03368,0.04236,0.275,0.2409,0.0341,0.03583
3,55,1153.6,CLOSE,0.28,0.24479,0.03521,0.04215,0.28,0.2513,0.0287,0.03563
3,56,1174.5,CLOSE,0.285,0.25174,0.03326,0.04194,0.285,0.2513,0.0337,0.0389
3,57,1193.4,CLOSE,0.29,0.25521,0.03479,0.04,0.29,0.25477,0.03523,0.0387
3,58,1214.0,CLOSE,0.295,0.26042,0.03458,0.03979,0.295,0.25997,0.03503,0.04023
3,59,1235.4,CLOSE,0.3,0.26215,0.03785,0.03958,0.3,0.26516,0.03484,0.04177
3,60,1257.6,CLOSE,0.305,0.27083,0.03417,0.03764,0.305,0.27036,0.03464,0.0433
3,61,1278.1,CLOSE,0.31,0.27604,0.03396,0.03049,0.31,0.27556,0.03444,0.0483
3,62,1297.8,CLOSE,0.315,0.28125,0.03375,0.03375,0.315,0.27903,0.03597,0.04637
3,63,1318.6,CLOSE,0.32,0.28646,0.03354,0.03354,0.32,0.2825,0.0375,0.04617
3,64,1339.3,CLOSE,0.325,0.2934,0.0316,0.02639,0.325,0.28769,0.03731,0.04077
3,65,1362.3,CLOSE,0.33,0.29861,0.03139,0.02965,0.33,0.29463,0.03537,0.04404
3,66,1382.8,CLOSE,0.335,0.30208,0.03292,0.02944,0.335,0.29636,0.03864,0.04211
3,67,1403.2,CLOSE,0.34,0.30556,0.03444,0.02924,0.34,0.30156,0.03844,0.04017
3,68,1424.4,CLOSE,0.345,0.30903,0.03597,0.02903,0.345,0.30329,0.04171,0.04171
3,69,1445.0,CLOSE,0.35,0.31076,0.03924,0.02708,0.35,0.30503,0.04497,0.03977
3,70,1466.4,CLOSE,0.355,0.3125,0.0425,0.02861,0.355,0.31196,0.04304,0.03784
3,71,1486.6,CLOSE,0.36,0.32118,0.03882,0.03014,0.36,0.31542,0.04458,0.03591
3,72,1508.0,CLOSE,0.365,0.32986,0.03514,0.02993,0.365,0.31889,0.04611,0.03571
3,73,1529.7,CLOSE,0.37,0.33507,0.03493,0.03146,0.37,0.32756,0.04244,0.03378
3,74,1549.6,CLOSE,0.375,0.34201,0.03299,0.03299,0.375,0.33276,0.04224,0.03358
3,75,1570.4,CLOSE,0.38,0.34722,0.03278,0.02757,0.38,0.34489,0.03511,0.03165
3,76,1591.0,CLOSE,0.385,0.35243,0.03257,0.03257,0.385,0.34662,0.03838,0.03318
3,77,1610.6,CLOSE,0.39,0.35938,0.03063,0.0341,0.39,0.35702,0.03298,0.03125
3,78,1630.4,CLOSE,0.395,0.36285,0.03215,0.03215,0.395,0.36049,0.03451,0.03105
3,79,1652.0,CLOSE,0.4,0.37153,0.02847,0.03368,0.4,0.36742,0.03258,0.03258
3,80,1673.0,CLOSE,0.405,0.37674,0.02826,0.03521,0.405,0.37435,0.03065,0.03412
3,81,1695.1,CLOSE,0.41,0.38194,0.02806,0.03674,0.41,0.37955,0.03045,0.03218
3,82,1716.0,CLOSE,0.415,0.38542,0.02958,0.03479,0.415,0.38475,0.03025,0.03372
3,83,1736.5,CLOSE,0.42,0.39062,0.02938,0.03458,0.42,0.38995,0.03005,0.03525
3,84,1756.1,CLOSE,0.425,0.39583,0.02917,0.0309,0.425,0.39515,0.02985,0.03505
3,85,1776.6,CLOSE,0.43,0.40104,0.02896,0.02896,0.43,0.40035,0.02965,0.03485
3,86,1799.3,CLOSE,0.435,0.40799,0.02701,0.02875,0.435,0.40381,0.03119,0.03465
3,87,1820.0,CLOSE,0.44,0.41146,0.02854,0.02507,0.44,0.40728,0.03272,0.03445
3,88,1840.5,CLOSE,0.445,0.41493,0.03007,0.02833,0.445,0.41248,0.03252,0.03599
3,89,1861.7,CLOSE,0.45,0.42014,0.02986,0.02986,0.45,0.42634,0.02366,0.03406
3,90,1881.9,CLOSE,0.455,0.42708,0.02792,0.02965,0.455,0.42288,0.03212,0.03212
3,91,1903.3,CLOSE,0.46,0.43056,0.02944,0.02944,0.46,0.42634,0.03366,0.03539
3,92,1925.8,CLOSE,0.465,0.44097,0.02403,0.03097,0.465,0.43154,0.03346,0.03519
3,93,1943.4,CLOSE,0.47,0.43924,0.03076,0.03076,0.47,0.43501,0.03499,0.03326
3,94,1964.9,CLOSE,0.475,0.44444,0.03056,0.03056,0.475,0.44021,0.03479,0.03479
3,95,1986.1,CLOSE,0.48,0.44792,0.03208,0.03035,0.48,0.44541,0.03459,0.03633
3,96,2007.0,CLOSE,0.485,0.45486,0.03014,0.0284,0.485,0.45061,0.03439,0.03613
3,97,2028.4,CLOSE,0.49,0.46007,0.02993,0.03167,0.49,0.45754,0.03246,0.03419
3,98,2051.0,CLOSE,0.495,0.46528,0.02972,0.03146,0.495,0.46274,0.03226,0.03573
3,99,2070.5,CLOSE,0.5,0.47569,0.02431,0.03125,0.5,0.4662,0.0338,0.03553
3,100,2091.4,CLOSE,0.505,0.47396,0.03104,0.03451,0.505,0.4714,0.0336,0.0336
3,101,2111.5,CLOSE,0.51,0.47917,0.03083,0.02736,0.51,0.4766,0.0334,0.03686
3,102,2132.8,CLOSE,0.515,0.48438,0.03063,0.03063,0.515,0.48007,0.03493,0.0332
3,103,2153.5,CLOSE,0.52,0.49306,0.02694,0.03563,0.52,0.48527,0.03473,0.0382
3,104,2174.4,CLOSE,0.525,0.50174,0.02326,0.03542,0.525,0.4974,0.0276,0.0328
3,105,2195.6,CLOSE,0.53,0.51042,0.01958,0.02479,0.53,0.50087,0.02913,0.03087
3,106,2215.2,CLOSE,0.535,0.51215,0.02285,0.02285,0.535,0.51127,0.02373,0.0272
3,107,2236.3,CLOSE,0.54,0.51736,0.02264,0.0209,0.54,0.5182,0.0218,0.0218
3,108,2257.5,CLOSE,0.545,0.52778,0.01722,0.01549,0.545,0.5234,0.0216,0.01987
3,109,2278.6,CLOSE,0.55,0.53299,0.01701,0.01701,0.55,0.52513,0.02487,0.02314
3,110,2298.4,CLOSE,0.555,0.53472,0.02028,0.02028,0.555,0.5286,0.0264,0.0212
3,111,2321.2,CLOSE,0.56,0.53819,0.02181,0.02528,0.56,0.53206,0.02794,0.0262
3,112,2340.6,CLOSE,0.565,0.53819,0.02681,0.02681,0.565,0.5338,0.0312,0.02774
3,113,2360.4,CLOSE,0.57,0.54167,0.02833,0.03007,0.57,0.53553,0.03447,0.02927
3,114,2382.7,CLOSE,0.575,0.54514,0.02986,0.0316,0.575,0.54073,0.03427,0.03081
3,115,2403.0,CLOSE,0.58,0.54514,0.03486,0.03486,0.58,0.54766,0.03234,0.03407
3,116,2424.6,CLOSE,0.585,0.55208,0.03292,0.03813,0.585,0.55113,0.03387,0.03041
3,117,2446.1,CLOSE,0.59,0.55556,0.03444,0.03618,0.59,0.55286,0.03714,0.03194
3,118,2466.4,CLOSE,0.595,0.56076,0.03424,0.03771,0.595,0.56153,0.03347,0.03521
3,119,2489.1,CLOSE,0.6,0.56597,0.03403,0.04097,0.6,0.55979,0.04021,0.03847
3,120,2508.3,CLOSE,0.605,0.57292,0.03208,0.03382,0.605,0.56672,0.03828,0.03828
3,121,2529.5,CLOSE,0.61,0.57812,0.03188,0.04056,0.61,0.57192,0.03808,0.04154
3,122,2549.6,CLOSE,0.615,0.58333,0.03167,0.03861,0.615,0.57712,0.03788,0.04134
3,123,2570.4,CLOSE,0.62,0.59028,0.02972,0.0384,0.62,0.58406,0.03594,0.03941
3,124,2589.5,CLOSE,0.625,0.59201,0.03299,0.03819,0.625,0.58752,0.03748,0.04094
3,125,2610.2,CLOSE,0.63,0.59722,0.03278,0.03625,0.63,0.59445,0.03555,0.03901
3,126,2632.7,CLOSE,0.635,0.60243,0.03257,0.03604,0.635,0.59965,0.03535,0.03881
3,127,2653.6,CLOSE,0.64,0.60764,0.03236,0.03583,0.64,0.60312,0.03688,0.03341
3,128,2673.1,CLOSE,0.645,0.62153,0.02347,0.03563,0.645,0.61005,0.03495,0.03668
3,129,2695.6,CLOSE,0.65,0.61979,0.03021,0.03368,0.65,0.61872,0.03128,0.03648
3,130,2715.3,CLOSE,0.655,0.625,0.03,0.03174,0.655,0.62045,0.03455,0.03628
3,131,2736.5,CLOSE,0.66,0.63021,0.02979,0.035,0.66,0.62738,0.03262,0.03435
3,132,2758.0,CLOSE,0.665,0.63368,0.03132,0.03132,0.665,0.63258,0.03242,0.03242
3,133,2778.2,CLOSE,0.67,0.63715,0.03285,0.0259,0.67,0.63605,0.03395,0.03049
3,134,2798.1,CLOSE,0.675,0.6441,0.0309,0.03264,0.675,0.64298,0.03202,0.03029
3,135,2820.2,CLOSE,0.68,0.64931,0.03069,0.02549,0.68,0.64645,0.03355,0.03009
3,136,2840.0,CLOSE,0.685,0.65972,0.02528,0.03049,0.685,0.65165,0.03335,0.03162
3,137,2861.8,CLOSE,0.69,0.66493,0.02507,0.03028,0.69,0.65685,0.03315,0.03142
3,138,2884.1,CLOSE,0.695,0.66319,0.03181,0.03181,0.695,0.66205,0.03295,0.03295
3,139,2904.4,CLOSE,0.7,0.67014,0.02986,0.0316,0.7,0.66551,0.03449,0.03102
3,140,2925.3,CLOSE,0.705,0.67535,0.02965,0.03313,0.705,0.67071,0.03429,0.03429
3,141,2946.0,CLOSE,0.71,0.68056,0.02944,0.03292,0.71,0.67591,0.03409,0.03062
3,142,2966.4,CLOSE,0.715,0.6875,0.0275,0.03444,0.715,0.68111,0.03389,0.03562
3,143,2987.0,CLOSE,0.72,0.69097,0.02903,0.02903,0.72,0.68284,0.03716,0.03716
3,144,3009.2,CLOSE,0.725,0.69792,0.02708,0.03229,0.725,0.69151,0.03349,0.03696
3,145,3028.6,CLOSE,0.73,0.70139,0.02861,0.03035,0.73,0.69671,0.03329,0.03676
3,146,3049.2,CLOSE,0.735,0.7066,0.0284,0.03535,0.735,0.70191,0.03309,0.04003
3,147,3069.9,CLOSE,0.74,0.71007,0.02993,0.0334,0.74,0.70537,0.03463,0.03636
3,148,3089.6,CLOSE,0.745,0.71354,0.03146,0.03493,0.745,0.70884,0.03616,0.03789
3,149,3110.7,CLOSE,0.75,0.72569,0.02431,0.03299,0.75,0.71231,0.03769,0.03596
3,150,3132.7,CLOSE,0.755,0.72396,0.03104,0.03625,0.755,0.71924,0.03576,0.0375
3,151,3153.2,CLOSE,0.76,0.72743,0.03257,0.03257,0.76,0.72964,0.03036,0.03903
3,152,3173.1,CLOSE,0.765,0.73438,0.03063,0.03236,0.765,0.7279,0.0371,0.03536
3,153,3194.0,CLOSE,0.77,0.74132,0.02868,0.03215,0.77,0.73657,0.03343,0.0369
3,154,3214.6,CLOSE,0.775,0.74306,0.03194,0.03194,0.775,0.74003,0.03497,0.03497
3,155,3236.8,CLOSE,0.78,0.74826,0.03174,0.03174,0.78,0.74177,0.03823,0.02957
3,156,3258.4,CLOSE,0.785,0.75521,0.02979,0.02632,0.785,0.74523,0.03977,0.0363
3,157,3278.3,CLOSE,0.79,0.75868,0.03132,0.02264,0.79,0.75043,0.03957,0.0361
3,158,3299.9,CLOSE,0.795,0.76215,0.03285,0.03285,0.795,0.75737,0.03763,0.02897
3,159,3320.0,CLOSE,0.8,0.7691,0.0309,0.0309,0.8,0.76083,0.03917,0.02877
3,160,3341.8,CLOSE,0.805,0.78299,0.02201,0.03069,0.805,0.76776,0.03724,0.03377
3,161,3362.1,CLOSE,0.81,0.78472,0.02528,0.03569,0.81,0.7747,0.0353,0.0353
3,162,3384.0,CLOSE,0.815,0.78299,0.03201,0.03375,0.815,0.7851,0.0299,0.0351
3,163,3403.1,CLOSE,0.82,0.78993,0.03007,0.03354,0.82,0.79203,0.02797,0.03664
3,164,3424.4,CLOSE,0.825,0.79514,0.02986,0.03333,0.825,0.79549,0.02951,0.03644
3,165,3446.3,CLOSE,0.83,0.80208,0.02792,0.03313,0.83,0.79896,0.03104,0.02931
3,166,3466.3,CLOSE,0.835,0.80729,0.02771,0.03465,0.835,0.80589,0.02911,0.03604
3,167,3486.8,CLOSE,0.84,0.81076,0.02924,0.03444,0.84,0.81282,0.02718,0.03584
3,168,3508.0,CLOSE,0.845,0.81771,0.02729,0.0325,0.845,0.81456,0.03044,0.03564
3,169,3527.5,CLOSE,0.85,0.82118,0.02882,0.02882,0.85,0.81629,0.03371,0.03024
3,170,3548.9,CLOSE,0.855,0.82465,0.03035,0.03208,0.855,0.82322,0.03178,0.03351
3,171,3570.7,CLOSE,0.86,0.82986,0.03014,0.03188,0.86,0.82669,0.03331,0.03158
3,172,3590.3,CLOSE,0.865,0.84028,0.02472,0.02993,0.865,0.83016,0.03484,0.03658
3,173,3611.2,CLOSE,0.87,0.83854,0.03146,0.03146,0.87,0.84055,0.02945,0.03464
3,174,3633.0,CLOSE,0.875,0.84028,0.03472,0.03125,0.875,0.84575,0.02925,0.03445
3,175,3653.7,CLOSE,0.88,0.85069,0.02931,0.03104,0.88,0.84749,0.03251,0.03251
3,176,3674.7,CLOSE,0.885,0.84896,0.03604,0.0291,0.885,0.85095,0.03405,0.02365
3,177,3695.6,CLOSE,0.89,0.85764,0.03236,0.03063,0.89,0.85269,0.03731,0.02865
3,178,3715.8,CLOSE,0.895,0.86806,0.02694,0.02521,0.895,0.85789,0.03711,0.02845
3,179,3737.2,CLOSE,0.9,0.86632,0.03368,0.03021,0.9,0.86135,0.03865,0.02998
3,180,3758.9,CLOSE,0.905,0.87153,0.03347,0.02826,0.905,0.86828,0.03672,0.02805
3,181,3777.0,CLOSE,0.91,0.87674,0.03326,0.03153,0.91,0.87002,0.03998,0.02092
3,182,3797.9,CLOSE,0.915,0.87847,0.03653,0.02958,0.915,0.87348,0.04152,0.02765
3,183,3819.3,CLOSE,0.92,0.88542,0.03458,0.03285,0.92,0.88042,0.03958,0.02745
3,184,3839.5,CLOSE,0.925,0.88889,0.03611,0.0309,0.925,0.88215,0.04285,0.02205
3,185,3863.1,CLOSE,0.93,0.90104,0.02896,0.02549,0.93,0.88908,0.04092,0.02879
3,186,3883.5,CLOSE,0.935,0.89931,0.03569,0.02701,0.935,0.89081,0.04419,0.02859
3,187,3902.4,CLOSE,0.94,0.90625,0.03375,0.03375,0.94,0.89255,0.04745,0.02839
3,188,3923.7,CLOSE,0.945,0.90972,0.03528,0.03007,0.945,0.89775,0.04725,0.03166
3,189,3945.7,CLOSE,0.95,0.91667,0.03333,0.03507,0.95,0.90121,0.04879,0.03319
3,190,3966.3,CLOSE,0.955,0.92361,0.03139,0.03486,0.955,0.90468,0.05032,0.03472
3,191,3986.8,CLOSE,0.96,0.93229,0.02771,0.03465,0.96,0.91508,0.04492,0.03626
3,192,4005.7,CLOSE,0.965,0.93229,0.03271,0.03444,0.965,0.91681,0.04819,0.03086
3,193,4027.7,CLOSE,0.97,0.9375,0.0325,0.03424,0.97,0.91334,0.05666,0.03412
3,194,4048.4,CLOSE,0.975,0.94097,0.03403,0.03576,0.975,0.91681,0.05819,0.03219
3,195,4069.2,CLOSE,0.98,0.94618,0.03382,0.03382,0.98,0.92894,0.05106,0.03373
3,196,4091.2,CLOSE,0.985,0.95139,0.03361,0.03708,0.985,0.93068,0.05432,0.03006
3,197,4112.1,CLOSE,0.99,0.95312,0.03688,0.03688,0.99,0.92721,0.06279,0.03159
3,198,4131.3,CLOSE,0.995,0.9566,0.0384,0.03667,0.995,0.93761,0.05739,0.021
3,199,4151.4,CLOSE,1.0,0.95833,0.04167,0.03646,1.0,0.93414,0.06586,0.02773
4,0,5.9,CLOSE,0.005,0.00694,-0.00194,-0.00021,0.005,0.0,0.005,0.005
4,1,27.1,CLOSE,0.01,0.00521,0.00479,0.00479,0.01,0.0,0.01,0.01
4,2,48.3,CLOSE,0.015,0.00694,0.00806,0.00979,0.015,0.0,0.015,0.015
4,3,71.5,CLOSE,0.02,0.00694,0.01306,0.01479,0.02,0.0,0.02,0.02
4,4,93.1,CLOSE,0.025,0.00694,0.01806,0.01979,0.025,0.0,0.025,0.025
4,5,114.0,CLOSE,0.03,0.00694,0.02306,0.02479,0.03,0.0,0.03,0.03
4,6,132.3,CLOSE,0.035,0.00694,0.02806,0.02979,0.035,0.0,0.035,0.035
4,7,154.1,CLOSE,0.04,0.00694,0.03306,0.03479,0.04,0.0,0.04,0.04
4,8,173.7,CLOSE,0.045,0.01389,0.03111,0.03979,0.045,0.00173,0.04327,0.04153
4,9,196.3,CLOSE,0.05,0.00694,0.04306,0.04479,0.05,0.0,0.05,0.04653
4,10,216.9,CLOSE,0.055,0.00868,0.04632,0.04111,0.055,0.00173,0.05327,0.055
4,11,236.7,CLOSE,0.06,0.0191,0.0409,0.05306,0.06,0.0052,0.0548,0.05133
4,12,256.9,CLOSE,0.065,0.01736,0.04764,0.04937,0.065,0.01213,0.05287,0.0546
4,13,278.9,CLOSE,0.07,0.02951,0.04049,0.04917,0.07,0.01906,0.05094,0.0544
4,14,299.0,CLOSE,0.075,0.03646,0.03854,0.04549,0.075,0.02773,0.04727,0.05074
4,15,320.2,CLOSE,0.08,0.03993,0.04007,0.04701,0.08,0.0364,0.0436,0.04534
4,16,341.1,CLOSE,0.085,0.04861,0.03639,0.04333,0.085,0.04159,0.04341,0.04514
4,17,362.1,CLOSE,0.09,0.05729,0.03271,0.03792,0.09,0.04853,0.04147,0.04667
4,18,381.2,CLOSE,0.095,0.06597,0.02903,0.03424,0.095,0.05546,0.03954,0.04474
4,19,401.4,CLOSE,0.1,0.07118,0.02882,0.03229,0.1,0.06239,0.03761,0.04107
4,20,422.8,CLOSE,0.105,0.07812,0.02688,0.02861,0.105,0.06932,0.03568,0.03741
4,21,443.8,CLOSE,0.11,0.08507,0.02493,0.02667,0.11,0.07626,0.03374,0.03548
4,22,464.5,CLOSE,0.115,0.08854,0.02646,0.02646,0.115,0.08492,0.03008,0.03528
4,23,486.3,CLOSE,0.12,0.09375,0.02625,0.02625,0.12,0.09532,0.02468,0.03161
4,24,508.1,CLOSE,0.125,0.09896,0.02604,0.02604,0.125,0.09705,0.02795,0.03141
4,25,528.0,CLOSE,0.13,0.10069,0.02931,0.02757,0.13,0.10399,0.02601,0.02775
4,26,548.7,CLOSE,0.135,0.10417,0.03083,0.02736,0.135,0.10919,0.02581,0.02581
4,27,570.1,CLOSE,0.14,0.10764,0.03236,0.02889,0.14,0.11438,0.02562,0.02735
4,28,591.3,CLOSE,0.145,0.11632,0.02868,0.03042,0.145,0.11958,0.02542,0.02715
4,29,611.7,CLOSE,0.15,0.11458,0.03542,0.03194,0.15,0.12305,0.02695,0.02522
4,30,633.3,CLOSE,0.155,0.11632,0.03868,0.03694,0.155,0.12478,0.03022,0.03022
4,31,654.1,CLOSE,0.16,0.12153,0.03847,0.04021,0.16,0.12652,0.03348,0.03175
4,32,673.3,CLOSE,0.165,0.12847,0.03653,0.04174,0.165,0.12998,0.03502,0.03328
4,33,694.0,CLOSE,0.17,0.13021,0.03979,0.04847,0.17,0.13172,0.03828,0.03828
4,34,714.8,CLOSE,0.175,0.13368,0.04132,0.03958,0.175,0.13345,0.04155,0.03289
4,35,735.7,CLOSE,0.18,0.13889,0.04111,0.04806,0.18,0.13518,0.04482,0.04135
4,36,755.8,CLOSE,0.185,0.1441,0.0409,0.04438,0.185,0.13865,0.04635,0.04462
4,37,776.3,CLOSE,0.19,0.15104,0.03896,0.04243,0.19,0.14211,0.04789,0.04095
4,38,798.7,CLOSE,0.195,0.15972,0.03528,0.04743,0.195,0.14558,0.04942,0.04595
4,39,819.4,CLOSE,0.2,0.16319,0.03681,0.04375,0.2,0.15078,0.04922,0.04402
4,40,839.4,CLOSE,0.205,0.1684,0.0366,0.04181,0.205,0.15598,0.04902,0.04555
4,41,862.0,CLOSE,0.21,0.17535,0.03465,0.03986,0.21,0.16118,0.04882,0.04536
4,42,882.8,CLOSE,0.215,0.18229,0.03271,0.03444,0.215,0.16811,0.04689,0.04342
4,43,902.6,CLOSE,0.22,0.1875,0.0325,0.03597,0.22,0.17504,0.04496,0.03802
4,44,922.1,CLOSE,0.225,0.19444,0.03056,0.03229,0.225,0.18544,0.03956,0.03956
4,45,943.2,CLOSE,0.23,0.19965,0.03035,0.03208,0.23,0.18891,0.04109,0.03936
4,46,965.9,CLOSE,0.235,0.20486,0.03014,0.03188,0.235,0.19584,0.03916,0.03743
4,47,987.0,CLOSE,0.24,0.21007,0.02993,0.03167,0.24,0.20277,0.03723,0.03723
4,48,1008.9,CLOSE,0.245,0.21354,0.03146,0.03146,0.245,0.20971,0.03529,0.03876
4,49,1029.4,CLOSE,0.25,0.21875,0.03125,0.03299,0.25,0.21664,0.03336,0.0351
4,50,1048.8,CLOSE,0.255,0.22396,0.03104,0.03451,0.255,0.22357,0.03143,0.03663
4,51,1070.0,CLOSE,0.26,0.2309,0.0291,0.03778,0.26,0.22877,0.03123,0.03643
4,52,1089.7,CLOSE,0.265,0.23264,0.03236,0.04104,0.265,0.23397,0.03103,0.03623
4,53,1112.3,CLOSE,0.27,0.23785,0.03215,0.04083,0.27,0.23744,0.03256,0.03256
4,54,1133.6,CLOSE,0.275,0.24132,0.03368,0.04236,0.275,0.24437,0.03063,0.03583
4,55,1154.1,CLOSE,0.28,0.24653,0.03347,0.04215,0.28,0.24783,0.03217,0.03563
4,56,1173.9,CLOSE,0.285,0.25174,0.03326,0.04194,0.285,0.25303,0.03197,0.0389
4,57,1193.6,CLOSE,0.29,0.25521,0.03479,0.04,0.29,0.2617,0.0283,0.0387
4,58,1215.1,CLOSE,0.295,0.26042,0.03458,0.03979,0.295,0.26343,0.03157,0.04023
4,59,1236.5,CLOSE,0.3,0.27083,0.02917,0.03958,0.3,0.26516,0.03484,0.04177
4,60,1257.9,CLOSE,0.305,0.27083,0.03417,0.03764,0.305,0.27036,0.03464,0.0433
4,61,1278.2,CLOSE,0.31,0.27604,0.03396,0.03049,0.31,0.27556,0.03444,0.0483
4,62,1298.4,CLOSE,0.315,0.28646,0.02854,0.03375,0.315,0.27903,0.03597,0.04637
4,63,1320.3,CLOSE,0.32,0.28472,0.03528,0.03354,0.32,0.2825,0.0375,0.04617
4,64,1340.1,CLOSE,0.325,0.29167,0.03333,0.02639,0.325,0.28943,0.03557,0.04077
4,65,1359.5,CLOSE,0.33,0.29688,0.03313,0.02965,0.33,0.28943,0.04057,0.04404
4,66,1380.1,CLOSE,0.335,0.30035,0.03465,0.02944,0.335,0.29463,0.04037,0.04211
4,67,1401.3,CLOSE,0.34,0.30382,0.03618,0.02924,0.34,0.29809,0.04191,0.04017
4,68,1422.3,CLOSE,0.345,0.30729,0.03771,0.02903,0.345,0.30329,0.04171,0.04171
4,69,1445.9,CLOSE,0.35,0.30903,0.04097,0.02708,0.35,0.30503,0.04497,0.03977
4,70,1466.5,CLOSE,0.355,0.31771,0.03729,0.02861,0.355,0.30676,0.04824,0.03784
4,71,1487.5,CLOSE,0.36,0.32465,0.03535,0.03014,0.36,0.31023,0.04977,0.03591
4,72,1508.7,CLOSE,0.365,0.32639,0.03861,0.02993,0.365,0.31716,0.04784,0.03571
4,73,1527.6,CLOSE,0.37,0.33333,0.03667,0.03146,0.37,0.32236,0.04764,0.03378
4,74,1548.5,CLOSE,0.375,0.34201,0.03299,0.03299,0.375,0.33102,0.04398,0.03358
4,75,1570.4,CLOSE,0.38,0.34722,0.03278,0.02757,0.38,0.34142,0.03858,0.03165
4,76,1592.4,CLOSE,0.385,0.35417,0.03083,0.03257,0.385,0.34662,0.03838,0.03318
4,77,1612.4,CLOSE,0.39,0.36111,0.02889,0.0341,0.39,0.35529,0.03471,0.03125
4,78,1633.6,CLOSE,0.395,0.36632,0.02868,0.03215,0.395,0.36222,0.03278,0.03105
4,79,1653.2,CLOSE,0.4,0.37326,0.02674,0.03368,0.4,0.36742,0.03258,0.03258
4,80,1672.8,CLOSE,0.405,0.37847,0.02653,0.03521,0.405,0.37435,0.03065,0.03412
4,81,1694.0,CLOSE,0.41,0.38368,0.02632,0.03674,0.41,0.38128,0.02872,0.03218
4,82,1716.3,CLOSE,0.415,0.38889,0.02611,0.03479,0.415,0.38648,0.02852,0.03372
4,83,1736.3,CLOSE,0.42,0.40104,0.01896,0.03458,0.42,0.38995,0.03005,0.03525
4,84,1755.6,CLOSE,0.425,0.39931,0.02569,0.0309,0.425,0.39688,0.02812,0.03505
4,85,1776.5,CLOSE,0.43,0.40625,0.02375,0.02896,0.43,0.40035,0.02965,0.03485
4,86,1798.5,CLOSE,0.435,0.40625,0.02875,0.02875,0.435,0.40555,0.02945,0.03465
4,87,1820.3,CLOSE,0.44,0.41146,0.02854,0.02507,0.44,0.40901,0.03099,0.03445
4,88,1840.9,CLOSE,0.445,0.41493,0.03007,0.02833,0.445,0.41421,0.03079,0.03599
4,89,1861.5,CLOSE,0.45,0.42014,0.02986,0.02986,0.45,0.41941,0.03059,0.03406
4,90,1882.7,CLOSE,0.455,0.42361,0.03139,0.02965,0.455,0.42461,0.03039,0.03212
4,91,1903.0,CLOSE,0.46,0.43576,0.02424,0.02944,0.46,0.42634,0.03366,0.03539
4,92,1923.9,CLOSE,0.465,0.43403,0.03097,0.03097,0.465,0.43154,0.03346,0.03519
4,93,1943.4,CLOSE,0.47,0.43924,0.03076,0.03076,0.47,0.43328,0.03672,0.03326
4,94,1966.3,CLOSE,0.475,0.44792,0.02708,0.03056,0.475,0.43847,0.03653,0.03479
4,95,1984.8,CLOSE,0.48,0.44965,0.03035,0.03035,0.48,0.44194,0.03806,0.03633
4,96,2007.3,CLOSE,0.485,0.4566,0.0284,0.0284,0.485,0.44714,0.03786,0.03613
4,97,2027.9,CLOSE,0.49,0.46007,0.02993,0.03167,0.49,0.45234,0.03766,0.03419
4,98,2050.0,CLOSE,0.495,0.46528,0.02972,0.03146,0.495,0.45927,0.03573,0.03573
4,99,2070.4,CLOSE,0.5,0.47222,0.02778,0.03125,0.5,0.46447,0.03553,0.03553
4,100,2090.4,CLOSE,0.505,0.47569,0.02931,0.03451,0.505,0.46794,0.03706,0.0336
4,101,2111.6,CLOSE,0.51,0.4809,0.0291,0.02736,0.51,0.47487,0.03513,0.03686
4,102,2131.3,CLOSE,0.515,0.48438,0.03063,0.03063,0.515,0.4766,0.0384,0.0332
4,103,2152.5,CLOSE,0.52,0.48958,0.03042,0.03563,0.52,0.487,0.033,0.0382
4,104,2172.7,CLOSE,0.525,0.50347,0.02153,0.03542,0.525,0.49047,0.03453,0.0328
4,105,2193.8,CLOSE,0.53,0.51042,0.01958,0.02479,0.53,0.49913,0.03087,0.03087
4,106,2215.8,CLOSE,0.535,0.51215,0.02285,0.02285,0.535,0.513,0.022,0.0272
4,107,2236.7,CLOSE,0.54,0.52083,0.01917,0.0209,0.54,0.51473,0.02527,0.0218
4,108,2255.5,CLOSE,0.545,0.52951,0.01549,0.01549,0.545,0.5234,0.0216,0.01987
4,109,2276.8,CLOSE,0.55,0.53125,0.01875,0.01701,0.55,0.52686,0.02314,0.02314
4,110,2297.7,CLOSE,0.555,0.53299,0.02201,0.02028,0.555,0.5338,0.0212,0.0212
4,111,2318.3,CLOSE,0.56,0.53472,0.02528,0.02528,0.56,0.53206,0.02794,0.0262
4,112,2339.0,CLOSE,0.565,0.53646,0.02854,0.02681,0.565,0.5338,0.0312,0.02774
4,113,2359.7,CLOSE,0.57,0.53819,0.03181,0.03007,0.57,0.53726,0.03274,0.02927
4,114,2382.1,CLOSE,0.575,0.53993,0.03507,0.0316,0.575,0.54246,0.03254,0.03081
4,115,2403.0,CLOSE,0.58,0.5434,0.0366,0.03486,0.58,0.54419,0.03581,0.03407
4,116,2424.2,CLOSE,0.585,0.54861,0.03639,0.03813,0.585,0.54939,0.03561,0.03041
4,117,2443.9,CLOSE,0.59,0.55035,0.03965,0.03618,0.59,0.55286,0.03714,0.03194
4,118,2465.3,CLOSE,0.595,0.55556,0.03944,0.03771,0.595,0.55806,0.03694,0.03521
4,119,2486.4,CLOSE,0.6,0.5625,0.0375,0.04097,0.6,0.56153,0.03847,0.03847
4,120,2507.0,CLOSE,0.605,0.56597,0.03903,0.03382,0.605,0.56672,0.03828,0.03828
4,121,2528.8,CLOSE,0.61,0.57465,0.03535,0.04056,0.61,0.57366,0.03634,0.04154
4,122,2549.1,CLOSE,0.615,0.5816,0.0334,0.03861,0.615,0.58059,0.03441,0.04134
4,123,2568.6,CLOSE,0.62,0.58854,0.03146,0.0384,0.62,0.58406,0.03594,0.03941
4,124,2591.3,CLOSE,0.625,0.59722,0.02778,0.03819,0.625,0.58579,0.03921,0.04094
4,125,2610.2,CLOSE,0.63,0.59896,0.03104,0.03625,0.63,0.59272,0.03728,0.03901
4,126,2631.6,CLOSE,0.635,0.6059,0.0291,0.03604,0.635,0.60659,0.02841,0.03881
4,127,2654.0,CLOSE,0.64,0.61111,0.02889,0.03583,0.64,0.60659,0.03341,0.03341
4,128,2674.0,CLOSE,0.645,0.61632,0.02868,0.03563,0.645,0.61005,0.03495,0.03668
4,129,2695.1,CLOSE,0.65,0.62153,0.02847,0.03368,0.65,0.61872,0.03128,0.03648
4,130,2715.9,CLOSE,0.655,0.62847,0.02653,0.03174,0.655,0.62045,0.03455,0.03628
4,131,2735.7,CLOSE,0.66,0.63715,0.02285,0.035,0.66,0.62565,0.03435,0.03435
4,132,2757.5,CLOSE,0.665,0.63889,0.02611,0.03132,0.665,0.63085,0.03415,0.03242
4,133,2778.4,CLOSE,0.67,0.64236,0.02764,0.0259,0.67,0.63605,0.03395,0.03049
4,134,2799.0,CLOSE,0.675,0.6441,0.0309,0.03264,0.675,0.64125,0.03375,0.03029
4,135,2820.1,CLOSE,0.68,0.64931,0.03069,0.02549,0.68,0.64818,0.03182,0.03009
4,136,2840.0,CLOSE,0.685,0.65451,0.03049,0.03049,0.685,0.66031,0.02469,0.03162
4,137,2860.7,CLOSE,0.69,0.65799,0.03201,0.03028,0.69,0.66205,0.02795,0.03142
4,138,2881.2,CLOSE,0.695,0.67014,0.02486,0.03181,0.695,0.66205,0.03295,0.03295
4,139,2902.7,CLOSE,0.7,0.67014,0.02986,0.0316,0.7,0.66724,0.03276,0.03102
4,140,2926.1,CLOSE,0.705,0.67535,0.02965,0.03313,0.705,0.67244,0.03256,0.03429
4,141,2946.7,CLOSE,0.71,0.67882,0.03118,0.03292,0.71,0.67764,0.03236,0.03062
4,142,2966.0,CLOSE,0.715,0.68403,0.03097,0.03444,0.715,0.68458,0.03042,0.03562
4,143,2986.2,CLOSE,0.72,0.69097,0.02903,0.02903,0.72,0.68631,0.03369,0.03716
4,144,3009.0,CLOSE,0.725,0.69618,0.02882,0.03229,0.725,0.69151,0.03349,0.03696
4,145,3027.9,CLOSE,0.73,0.69965,0.03035,0.03035,0.73,0.69671,0.03329,0.03676
4,146,3048.7,CLOSE,0.735,0.70833,0.02667,0.03535,0.735,0.70364,0.03136,0.04003
4,147,3069.5,CLOSE,0.74,0.71354,0.02646,0.0334,0.74,0.70711,0.03289,0.03636
4,148,3091.5,CLOSE,0.745,0.71875,0.02625,0.03493,0.745,0.7175,0.0275,0.03789
4,149,3111.7,CLOSE,0.75,0.72396,0.02604,0.03299,0.75,0.7227,0.0273,0.03596
4,150,3131.2,CLOSE,0.755,0.72917,0.02583,0.03625,0.755,0.7227,0.0323,0.0375
4,151,3152.9,CLOSE,0.76,0.7309,0.0291,0.03257,0.76,0.7279,0.0321,0.03903
4,152,3172.9,CLOSE,0.765,0.74306,0.02194,0.03236,0.765,0.73484,0.03016,0.03536
4,153,3193.3,CLOSE,0.77,0.75,0.02,0.03215,0.77,0.7383,0.0317,0.0369
4,154,3214.7,CLOSE,0.775,0.74479,0.03021,0.03194,0.775,0.74003,0.03497,0.03497
4,155,3236.5,CLOSE,0.78,0.75,0.03,0.03174,0.78,0.74177,0.03823,0.02957
4,156,3257.3,CLOSE,0.785,0.75521,0.02979,0.02632,0.785,0.74697,0.03803,0.0363
4,157,3277.8,CLOSE,0.79,0.75868,0.03132,0.02264,0.79,0.75043,0.03957,0.0361
4,158,3299.8,CLOSE,0.795,0.76215,0.03285,0.03285,0.795,0.75737,0.03763,0.02897
4,159,3319.3,CLOSE,0.8,0.77083,0.02917,0.0309,0.8,0.76256,0.03744,0.02877
4,160,3339.0,CLOSE,0.805,0.77257,0.03243,0.03069,0.805,0.76776,0.03724,0.03377
4,161,3360.3,CLOSE,0.81,0.78125,0.02875,0.03569,0.81,0.7747,0.0353,0.0353
4,162,3385.6,CLOSE,0.815,0.78472,0.03028,0.03375,0.815,0.7799,0.0351,0.0351
4,163,3403.7,CLOSE,0.82,0.78819,0.03181,0.03354,0.82,0.79029,0.02971,0.03664
4,164,3425.0,CLOSE,0.825,0.7934,0.0316,0.03333,0.825,0.79203,0.03297,0.03644
4,165,3445.4,CLOSE,0.83,0.80035,0.02965,0.03313,0.83,0.79896,0.03104,0.02931
4,166,3466.5,CLOSE,0.835,0.80556,0.02944,0.03465,0.835,0.80243,0.03257,0.03604
4,167,3487.3,CLOSE,0.84,0.8125,0.0275,0.03444,0.84,0.80936,0.03064,0.03584
4,168,3506.7,CLOSE,0.845,0.81597,0.02903,0.0325,0.845,0.81282,0.03218,0.03564
4,169,3527.9,CLOSE,0.85,0.82292,0.02708,0.02882,0.85,0.81976,0.03024,0.03024
4,170,3548.6,CLOSE,0.855,0.82465,0.03035,0.03208,0.855,0.82322,0.03178,0.03351
4,171,3570.3,CLOSE,0.86,0.82986,0.03014,0.03188,0.86,0.82842,0.03158,0.03158
4,172,3590.3,CLOSE,0.865,0.83507,0.02993,0.02993,0.865,0.83362,0.03138,0.03658
4,173,3610.3,CLOSE,0.87,0.84028,0.02972,0.03146,0.87,0.83709,0.03291,0.03464
4,174,3631.9,CLOSE,0.875,0.84375,0.03125,0.03125,0.875,0.84229,0.03271,0.03445
4,175,3653.9,CLOSE,0.88,0.84896,0.03104,0.03104,0.88,0.85442,0.02558,0.03251
4,176,3674.4,CLOSE,0.885,0.85417,0.03083,0.0291,0.885,0.85962,0.02538,0.02365
4,177,3695.2,CLOSE,0.89,0.85938,0.03063,0.03063,0.89,0.85962,0.03038,0.02865
4,178,3715.3,CLOSE,0.895,0.86285,0.03215,0.02521,0.895,0.87175,0.02325,0.02845
4,179,3737.1,CLOSE,0.9,0.875,0.025,0.03021,0.9,0.86482,0.03518,0.02998
4,180,3757.8,CLOSE,0.905,0.87153,0.03347,0.02826,0.905,0.87348,0.03152,0.02805
4,181,3778.5,CLOSE,0.91,0.87674,0.03326,0.03153,0.91,0.87522,0.03478,0.02092
4,182,3800.7,CLOSE,0.915,0.88021,0.03479,0.02958,0.915,0.88215,0.03285,0.02765
4,183,3820.1,CLOSE,0.92,0.88542,0.03458,0.03285,0.92,0.88735,0.03265,0.02745
4,184,3840.0,CLOSE,0.925,0.89236,0.03264,0.0309,0.925,0.89255,0.03245,0.02205
4,185,3863.7,CLOSE,0.93,0.89583,0.03417,0.02549,0.93,0.88735,0.04265,0.02879
4,186,3881.7,CLOSE,0.935,0.90104,0.03396,0.02701,0.935,0.89081,0.04419,0.02859
4,187,3902.3,CLOSE,0.94,0.90451,0.03549,0.03375,0.94,0.90121,0.03879,0.02839
4,188,3923.3,CLOSE,0.945,0.90972,0.03528,0.03007,0.945,0.89948,0.04552,0.03166
4,189,3946.2,CLOSE,0.95,0.92188,0.02813,0.03507,0.95,0.90468,0.04532,0.03319
4,190,3966.8,CLOSE,0.955,0.92188,0.03313,0.03486,0.955,0.90815,0.04685,0.03472
4,191,3988.5,CLOSE,0.96,0.92882,0.03118,0.03465,0.96,0.92201,0.03799,0.03626
4,192,4007.5,CLOSE,0.965,0.9375,0.0275,0.03444,0.965,0.91681,0.04819,0.03086
4,193,4028.1,CLOSE,0.97,0.9375,0.0325,0.03424,0.97,0.91854,0.05146,0.03412
4,194,4048.5,CLOSE,0.975,0.94271,0.03229,0.03576,0.975,0.92201,0.05299,0.03219
4,195,4068.4,CLOSE,0.98,0.94792,0.03208,0.03382,0.98,0.93241,0.04759,0.03373
4,196,4088.8,CLOSE,0.985,0.94965,0.03535,0.03708,0.985,0.92894,0.05606,0.03006
4,197,4109.7,CLOSE,0.99,0.95312,0.03688,0.03688,0.99,0.92721,0.06279,0.03159
4,198,4131.4,CLOSE,0.995,0.9566,0.0384,0.03667,0.995,0.93414,0.06086,0.021
4,199,4153.4,CLOSE,1.0,0.96007,0.03993,0.03646,1.0,0.94627,0.05373,0.02773
