adc_reads,step,read_ms,servo6_q_target,servo6_q_measured,servo6_q_delta,servo7_q_target,servo7_q_measured,servo7_q_delta,servo8_q_target,servo8_q_measured,servo8_q_delta,servo9_q_target,servo9_q_measured,servo9_q_delta
1,0,6.0,0.005,0.00521,-0.00021,0.005,0.0,0.005,0.005,0.0,0.005,0.005,0.0,0.005
1,1,6.24,0.01,0.00347,0.00653,0.01,0.0,0.01,0.01,0.0,0.01,0.01,0.0,0.01
1,2,6.43,0.015,0.00521,0.00979,0.015,0.0,0.015,0.015,0.0,0.015,0.015,0.0,0.015
1,3,6.45,0.02,0.00521,0.01479,0.02,0.0,0.02,0.02,0.0,0.02,0.02,0.0,0.02
1,4,6.39,0.025,0.00521,0.01979,0.025,0.0,0.025,0.025,0.0,0.025,0.025,0.0,0.025
1,5,6.54,0.03,0.00521,0.02479,0.03,0.0,0.03,0.03,0.0,0.03,0.03,0.0,0.03
1,6,6.77,0.035,0.00521,0.02979,0.035,0.0,0.035,0.035,0.0,0.035,0.035,0.0,0.035
1,7,6.24,0.04,0.00521,0.03479,0.04,0.0,0.04,0.04,0.0,0.04,0.04,0.0,0.04
1,8,6.81,0.045,0.00347,0.04153,0.045,0.0,0.045,0.045,0.0,0.045,0.045,0.0,0.045
1,9,6.05,0.05,0.00521,0.04479,0.05,0.0,0.05,0.05,0.0,0.05,0.05,0.0,0.05
1,10,7.25,0.055,0.00694,0.04806,0.055,0.0,0.055,0.055,0.0,0.055,0.055,0.0,0.055
1,11,7.57,0.06,0.00521,0.05479,0.06,0.0,0.06,0.06,0.00693,0.05307,0.06,0.0,0.06
1,12,7.16,0.065,0.01042,0.05458,0.065,0.0,0.065,0.065,0.00867,0.05633,0.065,0.0,0.065
1,13,7.13,0.07,0.01562,0.05437,0.07,0.00339,0.06661,0.07,0.01733,0.05267,0.07,0.00192,0.06808
1,14,6.71,0.075,0.02257,0.05243,0.075,0.01186,0.06314,0.075,0.02773,0.04727,0.075,0.01731,0.05769
1,15,7.11,0.08,0.02951,0.05049,0.08,0.01695,0.06305,0.08,0.03293,0.04707,0.08,0.01923,0.06077
1,16,6.78,0.085,0.03993,0.04507,0.085,0.02373,0.06127,0.085,0.03986,0.04514,0.085,0.02692,0.05808
1,17,7.05,0.09,0.05035,0.03965,0.09,0.0322,0.0578,0.09,0.04853,0.04147,0.09,0.03654,0.05346
1,18,7.32,0.095,0.05729,0.03771,0.095,0.04068,0.05432,0.095,0.05373,0.04127,0.095,0.04808,0.04692
1,19,6.51,0.1,0.06597,0.03403,0.1,0.05254,0.04746,0.1,0.06239,0.03761,0.1,0.05769,0.04231
1,20,6.31,0.105,0.07465,0.03035,0.105,0.06102,0.04398,0.105,0.06932,0.03568,0.105,0.06731,0.03769
1,21,6.15,0.11,0.08333,0.02667,0.11,0.0678,0.0422,0.11,0.07799,0.03201,0.11,0.08077,0.02923
1,22,6.18,0.115,0.08681,0.02819,0.115,0.07627,0.03873,0.115,0.08492,0.03008,0.115,0.08654,0.02846
1,23,6.5,0.12,0.09375,0.02625,0.12,0.08475,0.03525,0.12,0.09359,0.02641,0.12,0.1,0.02
1,24,6.31,0.125,0.09722,0.02778,0.125,0.09322,0.03178,0.125,0.10052,0.02448,0.125,0.10577,0.01923
1,25,6.44,0.13,0.10243,0.02757,0.13,0.1,0.03,0.13,0.10745,0.02255,0.13,0.11346,0.01654
1,26,6.37,0.135,0.10764,0.02736,0.135,0.10678,0.02822,0.135,0.11438,0.02062,0.135,0.11923,0.01577
1,27,6.09,0.14,0.10938,0.03063,0.14,0.11186,0.02814,0.14,0.11785,0.02215,0.14,0.12308,0.01692
1,28,6.98,0.145,0.11285,0.03215,0.145,0.12034,0.02466,0.145,0.12305,0.02195,0.145,0.12885,0.01615
1,29,6.78,0.15,0.11458,0.03542,0.15,0.12203,0.02797,0.15,0.12652,0.02348,0.15,0.13462,0.01538
1,30,6.53,0.155,0.11806,0.03694,0.155,0.12542,0.02958,0.155,0.12998,0.02502,0.155,0.13462,0.02038
1,31,6.24,0.16,0.12153,0.03847,0.16,0.12881,0.03119,0.16,0.13172,0.02828,0.16,0.13654,0.02346
1,32,6.47,0.165,0.13021,0.03479,0.165,0.13051,0.03449,0.165,0.13345,0.03155,0.165,0.14038,0.02462
1,33,7.16,0.17,0.12847,0.04153,0.17,0.13559,0.03441,0.17,0.13518,0.03482,0.17,0.14615,0.02385
1,34,8.1,0.175,0.13368,0.04132,0.175,0.1339,0.0411,0.175,0.13692,0.03808,0.175,0.14423,0.03077
1,35,7.87,0.18,0.13889,0.04111,0.18,0.13898,0.04102,0.18,0.13865,0.04135,0.18,0.15192,0.02808
1,36,7.28,0.185,0.14583,0.03917,0.185,0.11864,0.06636,0.185,0.14038,0.04462,0.185,0.15,0.035
1,37,7.37,0.19,0.14931,0.04069,0.19,0.13898,0.05102,0.19,0.14385,0.04615,0.19,0.15385,0.03615
1,38,7.99,0.195,0.15625,0.03875,0.195,0.14237,0.05263,0.195,0.14731,0.04769,0.195,0.15962,0.03538
1,39,7.3,0.2,0.16146,0.03854,0.2,0.14576,0.05424,0.2,0.15078,0.04922,0.2,0.16538,0.03462
1,40,6.36,0.205,0.16667,0.03833,0.205,0.15254,0.05246,0.205,0.15598,0.04902,0.205,0.17308,0.03192
1,41,6.59,0.21,0.17188,0.03813,0.21,0.15593,0.05407,0.21,0.16291,0.04709,0.21,0.175,0.035
1,42,6.61,0.215,0.17882,0.03618,0.215,0.1661,0.0489,0.215,0.16811,0.04689,0.215,0.17885,0.03615
1,43,6.38,0.22,0.18403,0.03597,0.22,0.16949,0.05051,0.22,0.17504,0.04496,0.22,0.18462,0.03538
1,44,6.29,0.225,0.18924,0.03576,0.225,0.17288,0.05212,0.225,0.18544,0.03956,0.225,0.19423,0.03077
1,45,6.19,0.23,0.19444,0.03556,0.23,0.17627,0.05373,0.23,0.18718,0.04282,0.23,0.19615,0.03385
1,46,6.38,0.235,0.20139,0.03361,0.235,0.18136,0.05364,0.235,0.19411,0.04089,0.235,0.20385,0.03115
1,47,6.42,0.24,0.20486,0.03514,0.24,0.18814,0.05186,0.24,0.20104,0.03896,0.24,0.21154,0.02846
1,48,6.4,0.245,0.20833,0.03667,0.245,0.19492,0.05008,0.245,0.20971,0.03529,0.245,0.22115,0.02385
1,49,6.64,0.25,0.21528,0.03472,0.25,0.19831,0.05169,0.25,0.2149,0.0351,0.25,0.23654,0.01346
1,50,6.79,0.255,0.21701,0.03799,0.255,0.21017,0.04483,0.255,0.2201,0.0349,0.255,0.24231,0.01269
1,51,6.32,0.26,0.21875,0.04125,0.26,0.21695,0.04305,0.26,0.2253,0.0347,0.26,0.24808,0.01192
1,52,7.0,0.265,0.22743,0.03757,0.265,0.21864,0.04636,0.265,0.22877,0.03623,0.265,0.25192,0.01308
1,53,6.25,0.27,0.22569,0.04431,0.27,0.22542,0.04458,0.27,0.23397,0.03603,0.27,0.25962,0.01038
1,54,6.14,0.275,0.22917,0.04583,0.275,0.23051,0.04449,0.275,0.23917,0.03583,0.275,0.26154,0.01346
1,55,7.95,0.28,0.24132,0.03868,0.28,0.23898,0.04102,0.28,0.24437,0.03563,0.28,0.26731,0.01269
1,56,7.11,0.285,0.24479,0.04021,0.285,0.24746,0.03754,0.285,0.24783,0.03717,0.285,0.27115,0.01385
1,57,6.83,0.29,0.25174,0.03826,0.29,0.25763,0.03237,0.29,0.24957,0.04043,0.29,0.275,0.015
1,58,6.97,0.295,0.25868,0.03632,0.295,0.26271,0.03229,0.295,0.2513,0.0437,0.295,0.28077,0.01423
1,59,7.46,0.3,0.26042,0.03958,0.3,0.2661,0.0339,0.3,0.2565,0.0435,0.3,0.28462,0.01538
1,60,7.18,0.305,0.26736,0.03764,0.305,0.27119,0.03381,0.305,0.25997,0.04503,0.305,0.29038,0.01462
1,61,7.43,0.31,0.27604,0.03396,0.31,0.27458,0.03542,0.31,0.26516,0.04484,0.31,0.30192,0.00808
1,62,7.65,0.315,0.28299,0.03201,0.315,0.27797,0.03703,0.315,0.2721,0.0429,0.315,0.3,0.015
1,63,6.59,0.32,0.28819,0.03181,0.32,0.28136,0.03864,0.32,0.2773,0.0427,0.32,0.30577,0.01423
1,64,6.45,0.325,0.29514,0.02986,0.325,0.28305,0.04195,0.325,0.2825,0.0425,0.325,0.31538,0.00962
1,65,6.43,0.33,0.30035,0.02965,0.33,0.28644,0.04356,0.33,0.28943,0.04057,0.33,0.32115,0.00885
1,66,6.0,0.335,0.30556,0.02944,0.335,0.28983,0.04517,0.335,0.29463,0.04037,0.335,0.325,0.01
1,67,6.44,0.34,0.31076,0.02924,0.34,0.29492,0.04508,0.34,0.30156,0.03844,0.34,0.33077,0.00923
1,68,6.69,0.345,0.31424,0.03076,0.345,0.3,0.045,0.345,0.29983,0.04517,0.345,0.33846,0.00654
1,69,6.63,0.35,0.32639,0.02361,0.35,0.31186,0.03814,0.35,0.31196,0.03804,0.35,0.34615,0.00385
1,70,6.29,0.355,0.32465,0.03035,0.355,0.31017,0.04483,0.355,0.31889,0.03611,0.355,0.35192,0.00308
1,71,6.62,0.36,0.32986,0.03014,0.36,0.31525,0.04475,0.36,0.32582,0.03418,0.36,0.34808,0.01192
1,72,6.63,0.365,0.33333,0.03167,0.365,0.32034,0.04466,0.365,0.33102,0.03398,0.365,0.35962,0.00538
1,73,6.22,0.37,0.33854,0.03146,0.37,0.32542,0.04458,0.37,0.33795,0.03205,0.37,0.36538,0.00462
1,74,6.46,0.375,0.34375,0.03125,0.375,0.33051,0.04449,0.375,0.34489,0.03011,0.375,0.37115,0.00385
1,75,6.37,0.38,0.34896,0.03104,0.38,0.33559,0.04441,0.38,0.35182,0.02818,0.38,0.375,0.005
1,76,6.26,0.385,0.35243,0.03257,0.385,0.33898,0.04602,0.385,0.35529,0.02971,0.385,0.37885,0.00615
1,77,8.26,0.39,0.35764,0.03236,0.39,0.34576,0.04424,0.39,0.36395,0.02605,0.39,0.38846,0.00154
1,78,7.24,0.395,0.36285,0.03215,0.395,0.35085,0.04415,0.395,0.36568,0.02932,0.395,0.39038,0.00462
1,79,7.65,0.4,0.36458,0.03542,0.4,0.35763,0.04237,0.4,0.37088,0.02912,0.4,0.39615,0.00385
1,80,8.39,0.405,0.36979,0.03521,0.405,0.36271,0.04229,0.405,0.37608,0.02892,0.405,0.40385,0.00115
1,81,7.12,0.41,0.38194,0.02806,0.41,0.3678,0.0422,0.41,0.37955,0.03045,0.41,0.40769,0.00231
1,82,7.97,0.415,0.38194,0.03306,0.415,0.37458,0.04042,0.415,0.38475,0.03025,0.415,0.41538,-0.00038
1,83,7.71,0.42,0.38715,0.03285,0.42,0.37797,0.04203,0.42,0.38821,0.03179,0.42,0.42885,-0.00885
1,84,6.79,0.425,0.39236,0.03264,0.425,0.38814,0.03686,0.425,0.39168,0.03332,0.425,0.42885,-0.00385
1,85,7.14,0.43,0.39757,0.03243,0.43,0.38814,0.04186,0.43,0.40208,0.02792,0.43,0.43269,-0.00269
1,86,6.25,0.435,0.40278,0.03222,0.435,0.39153,0.04347,0.435,0.40035,0.03465,0.435,0.44231,-0.00731
1,87,6.13,0.44,0.40799,0.03201,0.44,0.39661,0.04339,0.44,0.40901,0.03099,0.44,0.44423,-0.00423
1,88,6.64,0.445,0.41146,0.03354,0.445,0.39831,0.04669,0.445,0.41421,0.03079,0.445,0.45192,-0.00692
1,89,6.24,0.45,0.41667,0.03333,0.45,0.41186,0.03814,0.45,0.41594,0.03406,0.45,0.45769,-0.00769
1,90,6.08,0.455,0.42014,0.03486,0.455,0.41525,0.03975,0.455,0.41768,0.03732,0.455,0.46346,-0.00846
1,91,6.58,0.46,0.42535,0.03465,0.46,0.41525,0.04475,0.46,0.42461,0.03539,0.46,0.46731,-0.00731
1,92,6.15,0.465,0.43056,0.03444,0.465,0.42034,0.04466,0.465,0.42808,0.03692,0.465,0.47115,-0.00615
1,93,6.29,0.47,0.43576,0.03424,0.47,0.42203,0.04797,0.47,0.43328,0.03672,0.47,0.47692,-0.00692
1,94,6.27,0.475,0.44444,0.03056,0.475,0.42542,0.04958,0.475,0.43847,0.03653,0.475,0.48654,-0.01154
1,95,6.47,0.48,0.44444,0.03556,0.48,0.43898,0.04102,0.48,0.44714,0.03286,0.48,0.48654,-0.00654
1,96,5.79,0.485,0.44965,0.03535,0.485,0.44237,0.04263,0.485,0.45234,0.03266,0.485,0.49423,-0.00923
1,97,6.55,0.49,0.4566,0.0334,0.49,0.44237,0.04763,0.49,0.45407,0.03593,0.49,0.49808,-0.00808
1,98,7.03,0.495,0.46181,0.03319,0.495,0.44915,0.04585,0.495,0.45927,0.03573,0.495,0.50962,-0.01462
1,99,7.19,0.5,0.46701,0.03299,0.5,0.45932,0.04068,0.5,0.46794,0.03206,0.5,0.51154,-0.01154
1,100,8.5,0.505,0.47569,0.02931,0.5,0.46271,0.03729,0.505,0.47314,0.03186,0.5,0.51731,-0.01731
1,101,6.85,0.51,0.47743,0.03257,0.5,0.4661,0.0339,0.51,0.48354,0.02646,0.5,0.525,-0.025
1,102,7.32,0.515,0.48264,0.03236,0.5,0.47288,0.02712,0.515,0.47834,0.03666,0.5,0.53077,-0.03077
1,103,6.55,0.52,0.48611,0.03389,0.5,0.47966,0.02034,0.52,0.4818,0.0382,0.5,0.54231,-0.04231
1,104,8.29,0.525,0.49653,0.02847,0.5,0.48814,0.01186,0.525,0.49567,0.02933,0.5,0.54423,-0.04423
1,105,7.74,0.53,0.50694,0.02306,0.5,0.49153,0.00847,0.53,0.5026,0.0274,0.5,0.54808,-0.04808
1,106,7.58,0.535,0.51215,0.02285,0.5,0.49661,0.00339,0.535,0.513,0.022,0.5,0.55,-0.05
1,107,6.63,0.54,0.5191,0.0209,0.5,0.50508,-0.00508,0.54,0.52166,0.01834,0.5,0.55385,-0.05385
1,108,6.34,0.545,0.52951,0.01549,0.5,0.50678,-0.00678,0.545,0.52513,0.01987,0.5,0.55577,-0.05577
1,109,6.19,0.55,0.53299,0.01701,0.5,0.50847,-0.00847,0.55,0.5286,0.0214,0.5,0.55962,-0.05962
1,110,6.35,0.555,0.53299,0.02201,0.5,0.51017,-0.01017,0.555,0.5286,0.0264,0.5,0.55962,-0.05962
1,111,6.24,0.56,0.53472,0.02528,0.5,0.50847,-0.00847,0.56,0.53033,0.02967,0.5,0.56154,-0.06154
1,112,6.73,0.565,0.53646,0.02854,0.5,0.51017,-0.01017,0.565,0.5338,0.0312,0.5,0.55962,-0.05962
1,113,6.23,0.57,0.53819,0.03181,0.5,0.51525,-0.01525,0.57,0.53553,0.03447,0.5,0.56154,-0.06154
1,114,6.36,0.575,0.54861,0.02639,0.5,0.51017,-0.01017,0.575,0.54073,0.03427,0.5,0.55769,-0.05769
1,115,6.8,0.58,0.55035,0.02965,0.5,0.51017,-0.01017,0.58,0.54593,0.03407,0.5,0.56154,-0.06154
1,116,5.65,0.585,0.55035,0.03465,0.5,0.51017,-0.01017,0.585,0.54939,0.03561,0.5,0.56154,-0.06154
1,117,6.42,0.59,0.54861,0.04139,0.5,0.51186,-0.01186,0.59,0.54419,0.04581,0.5,0.56154,-0.06154
1,118,6.37,0.595,0.55208,0.04292,0.5,0.50847,-0.00847,0.595,0.55113,0.04387,0.5,0.55962,-0.05962
1,119,6.73,0.6,0.55903,0.04097,0.5,0.51017,-0.01017,0.6,0.55806,0.04194,0.5,0.56154,-0.06154
1,120,6.76,0.605,0.56597,0.03903,0.5,0.50847,-0.00847,0.605,0.56153,0.04347,0.5,0.56154,-0.06154
1,121,6.5,0.61,0.56944,0.04056,0.5,0.51017,-0.01017,0.61,0.57192,0.03808,0.5,0.56154,-0.06154
1,122,6.71,0.615,0.57639,0.03861,0.5,0.51017,-0.01017,0.615,0.57366,0.04134,0.5,0.56154,-0.06154
1,123,6.58,0.62,0.5816,0.0384,0.5,0.51017,-0.01017,0.62,0.58406,0.03594,0.5,0.56346,-0.06346
1,124,7.7,0.625,0.58854,0.03646,0.5,0.51017,-0.01017,0.625,0.59099,0.03401,0.5,0.56154,-0.06154
1,125,7.35,0.63,0.59375,0.03625,0.5,0.51017,-0.01017,0.63,0.59445,0.03555,0.5,0.56154,-0.06154
1,126,7.78,0.635,0.6059,0.0291,0.5,0.51017,-0.01017,0.635,0.60139,0.03361,0.5,0.56154,-0.06154
1,127,6.97,0.64,0.6059,0.0341,0.5,0.51186,-0.01186,0.64,0.61179,0.02821,0.5,0.56154,-0.06154
1,128,8.14,0.645,0.61111,0.03389,0.5,0.51017,-0.01017,0.645,0.61525,0.02975,0.5,0.56346,-0.06346
1,129,7.87,0.65,0.61632,0.03368,0.5,0.51186,-0.01186,0.65,0.62565,0.02435,0.5,0.55962,-0.05962
1,130,7.18,0.655,0.625,0.03,0.5,0.50847,-0.00847,0.655,0.62738,0.02762,0.5,0.56154,-0.06154
1,131,6.49,0.66,0.62674,0.03326,0.5,0.51017,-0.01017,0.66,0.63258,0.02742,0.5,0.56154,-0.06154
1,132,5.22,0.665,0.63542,0.02958,0.5,0.50847,-0.00847,0.665,0.63778,0.02722,0.5,0.56154,-0.06154
1,133,4.55,0.67,0.63889,0.03111,0.5,0.50847,-0.00847,0.67,0.64125,0.02875,0.5,0.56154,-0.06154
1,134,4.16,0.675,0.64236,0.03264,0.5,0.51017,-0.01017,0.675,0.64645,0.02855,0.5,0.56154,-0.06154
1,135,3.93,0.68,0.64757,0.03243,0.5,0.51186,-0.01186,0.68,0.64991,0.03009,0.5,0.56154,-0.06154
1,136,4.4,0.685,0.65278,0.03222,0.5,0.50847,-0.00847,0.685,0.65165,0.03335,0.5,0.56154,-0.06154
1,137,4.22,0.69,0.65625,0.03375,0.5,0.50847,-0.00847,0.69,0.65511,0.03489,0.5,0.55962,-0.05962
1,138,4.23,0.695,0.66146,0.03354,0.5,0.51525,-0.01525,0.695,0.66031,0.03469,0.5,0.56154,-0.06154
1,139,4.37,0.7,0.66667,0.03333,0.5,0.50847,-0.00847,0.7,0.66378,0.03622,0.5,0.56154,-0.06154
1,140,4.64,0.705,0.67014,0.03486,0.5,0.50169,-0.00169,0.705,0.66898,0.03602,0.5,0.56154,-0.06154
1,141,4.49,0.71,0.68229,0.02771,0.5,0.49153,0.00847,0.71,0.67938,0.03062,0.5,0.56154,-0.06154
1,142,6.31,0.715,0.68229,0.03271,0.5,0.48983,0.01017,0.715,0.68284,0.03216,0.5,0.56154,-0.06154
1,143,6.39,0.72,0.6875,0.0325,0.5,0.48644,0.01356,0.72,0.68284,0.03716,0.5,0.56154,-0.06154
1,144,6.97,0.725,0.69444,0.03056,0.5,0.48644,0.01356,0.725,0.69324,0.03176,0.5,0.56346,-0.06346
1,145,6.3,0.73,0.69792,0.03208,0.5,0.48644,0.01356,0.73,0.69844,0.03156,0.5,0.56154,-0.06154
1,146,7.29,0.735,0.70486,0.03014,0.5,0.48644,0.01356,0.735,0.69844,0.03656,0.5,0.56154,-0.06154
1,147,8.06,0.74,0.71181,0.02819,0.5,0.48814,0.01186,0.74,0.70364,0.03636,0.5,0.56154,-0.06154
1,148,7.34,0.745,0.71354,0.03146,0.5,0.49322,0.00678,0.745,0.70884,0.03616,0.5,0.56154,-0.06154
1,149,6.64,0.75,0.71875,0.03125,0.5,0.48814,0.01186,0.75,0.71404,0.03596,0.5,0.56154,-0.06154
1,150,7.58,0.755,0.72396,0.03104,0.5,0.48644,0.01356,0.755,0.72097,0.03403,0.5,0.55962,-0.05962
1,151,6.9,0.76,0.72917,0.03083,0.5,0.48644,0.01356,0.76,0.72444,0.03556,0.5,0.56154,-0.06154
1,152,6.71,0.765,0.73611,0.02889,0.5,0.48814,0.01186,0.765,0.73484,0.03016,0.5,0.56154,-0.06154
1,153,7.46,0.77,0.73958,0.03042,0.5,0.49153,0.00847,0.77,0.7383,0.0317,0.5,0.56154,-0.06154
1,154,5.18,0.775,0.75,0.025,0.5,0.49661,0.00339,0.775,0.7435,0.0315,0.5,0.56154,-0.06154
1,155,5.98,0.78,0.75174,0.02826,0.5,0.49831,0.00169,0.78,0.74697,0.03303,0.5,0.56154,-0.06154
1,156,5.63,0.785,0.75521,0.02979,0.5,0.50508,-0.00508,0.785,0.75737,0.02763,0.5,0.56154,-0.06154
1,157,5.82,0.79,0.76042,0.02958,0.5,0.50508,-0.00508,0.79,0.7591,0.0309,0.5,0.56154,-0.06154
1,158,5.78,0.795,0.77083,0.02417,0.5,0.51186,-0.01186,0.795,0.7591,0.0359,0.5,0.56154,-0.06154
1,159,5.84,0.8,0.77778,0.02222,0.5,0.50678,-0.00678,0.8,0.77296,0.02704,0.5,0.55769,-0.05769
1,160,5.79,0.805,0.77604,0.02896,0.5,0.50508,-0.00508,0.805,0.77123,0.03377,0.5,0.56154,-0.06154
1,161,5.94,0.81,0.77778,0.03222,0.5,0.50508,-0.00508,0.81,0.7747,0.0353,0.5,0.56154,-0.06154
1,162,5.99,0.815,0.78125,0.03375,0.5,0.50508,-0.00508,0.815,0.78163,0.03337,0.5,0.56154,-0.06154
1,163,5.74,0.82,0.78646,0.03354,0.5,0.50339,-0.00339,0.82,0.78336,0.03664,0.5,0.56154,-0.06154
1,164,5.73,0.825,0.79167,0.03333,0.5,0.50508,-0.00508,0.825,0.78856,0.03644,0.5,0.56154,-0.06154
1,165,6.72,0.83,0.79688,0.03313,0.5,0.50508,-0.00508,0.83,0.79203,0.03797,0.5,0.56154,-0.06154
1,166,6.32,0.835,0.80903,0.02597,0.5,0.50508,-0.00508,0.835,0.79723,0.03777,0.5,0.56154,-0.06154
1,167,7.0,0.84,0.80556,0.03444,0.5,0.50847,-0.00847,0.84,0.80416,0.03584,0.5,0.56154,-0.06154
1,168,6.15,0.845,0.81076,0.03424,0.5,0.50508,-0.00508,0.845,0.81109,0.03391,0.5,0.56154,-0.06154
1,169,7.76,0.85,0.82465,0.02535,0.5,0.50508,-0.00508,0.85,0.81629,0.03371,0.5,0.56154,-0.06154
1,170,7.31,0.855,0.82465,0.03035,0.5,0.50508,-0.00508,0.855,0.81802,0.03698,0.5,0.55962,-0.05962
1,171,8.04,0.86,0.82812,0.03188,0.5,0.50508,-0.00508,0.86,0.82322,0.03678,0.5,0.56154,-0.06154
1,172,6.85,0.865,0.83854,0.02646,0.5,0.50678,-0.00678,0.865,0.83189,0.03311,0.5,0.55962,-0.05962
1,173,7.27,0.87,0.83681,0.03319,0.5,0.50508,-0.00508,0.87,0.83709,0.03291,0.5,0.56154,-0.06154
1,174,7.56,0.875,0.84375,0.03125,0.5,0.50678,-0.00678,0.875,0.84229,0.03271,0.5,0.56154,-0.06154
1,175,6.87,0.88,0.85069,0.02931,0.5,0.50508,-0.00508,0.88,0.84749,0.03251,0.5,0.56154,-0.06154
1,176,6.67,0.885,0.85417,0.03083,0.5,0.50508,-0.00508,0.885,0.85442,0.03058,0.5,0.56154,-0.06154
1,177,6.76,0.89,0.86285,0.02715,0.5,0.50508,-0.00508,0.89,0.86482,0.02518,0.5,0.56154,-0.06154
1,178,6.65,0.895,0.86458,0.03042,0.5,0.50508,-0.00508,0.895,0.87175,0.02325,0.5,0.56154,-0.06154
1,179,6.59,0.9,0.86806,0.03194,0.5,0.50339,-0.00339,0.9,0.87348,0.02652,0.5,0.56346,-0.06346
1,180,6.67,0.905,0.87326,0.03174,0.5,0.50508,-0.00508,0.905,0.87522,0.02978,0.5,0.56154,-0.06154
1,181,6.96,0.91,0.88368,0.02632,0.5,0.50339,-0.00339,0.91,0.88042,0.02958,0.5,0.56346,-0.06346
1,182,6.38,0.915,0.88194,0.03306,0.5,0.50508,-0.00508,0.915,0.88735,0.02765,0.5,0.56154,-0.06154
1,183,6.55,0.92,0.88715,0.03285,0.5,0.50678,-0.00678,0.92,0.89081,0.02919,0.5,0.56154,-0.06154
1,184,6.16,0.925,0.89062,0.03438,0.5,0.50508,-0.00508,0.925,0.89775,0.02725,0.5,0.56346,-0.06346
1,185,6.43,0.93,0.8941,0.0359,0.5,0.50508,-0.00508,0.93,0.90121,0.02879,0.5,0.56154,-0.06154
1,186,6.3,0.935,0.89931,0.03569,0.5,0.50508,-0.00508,0.935,0.90295,0.03205,0.5,0.55962,-0.05962
1,187,6.1,0.94,0.90451,0.03549,0.5,0.50508,-0.00508,0.94,0.90988,0.03012,0.5,0.56154,-0.06154
1,188,6.59,0.945,0.90799,0.03701,0.5,0.50678,-0.00678,0.945,0.91508,0.02992,0.5,0.56154,-0.06154
1,189,6.45,0.95,0.91319,0.03681,0.5,0.50508,-0.00508,0.95,0.92374,0.02626,0.5,0.56731,-0.06731
1,190,6.37,0.955,0.92014,0.03486,0.5,0.50508,-0.00508,0.955,0.92374,0.03126,0.5,0.56346,-0.06346
1,191,7.6,0.96,0.92708,0.03292,0.5,0.50508,-0.00508,0.96,0.93068,0.02932,0.5,0.56154,-0.06154
1,192,7.33,0.965,0.9375,0.0275,0.5,0.50508,-0.00508,0.965,0.93414,0.03086,0.5,0.56346,-0.06346
1,193,7.14,0.97,0.94097,0.02903,0.5,0.50508,-0.00508,0.97,0.93934,0.03066,0.5,0.55962,-0.05962
1,194,7.33,0.975,0.94618,0.02882,0.5,0.50508,-0.00508,0.975,0.94627,0.02873,0.5,0.56154,-0.06154
1,195,6.99,0.98,0.93924,0.04076,0.5,0.50508,-0.00508,0.98,0.94801,0.03199,0.5,0.55962,-0.05962
1,196,6.23,0.985,0.94792,0.03708,0.5,0.50508,-0.00508,0.985,0.95494,0.03006,0.5,0.56538,-0.06538
1,197,6.61,0.99,0.95833,0.03167,0.5,0.50508,-0.00508,0.99,0.96014,0.02986,0.5,0.56154,-0.06154
1,198,7.09,0.995,0.9566,0.0384,0.5,0.50339,-0.00339,0.995,0.96534,0.02966,0.5,0.56346,-0.06346
1,199,6.55,1.0,0.96181,0.03819,0.5,0.50508,-0.00508,1.0,0.96707,0.03293,0.5,0.56154,-0.06154
3,0,20.83,0.005,0.0,0.005,0.005,0.00678,-0.00178,0.005,0.0,0.005,0.005,0.0,0.005
3,1,19.35,0.01,0.0,0.01,0.01,0.00678,0.00322,0.01,0.0,0.01,0.01,0.0,0.01
3,2,17.22,0.015,0.0,0.015,0.015,0.00678,0.00822,0.015,0.0,0.015,0.015,0.0,0.015
3,3,14.55,0.02,0.0,0.02,0.02,0.00678,0.01322,0.02,0.0,0.02,0.02,0.0,0.02
3,4,15.16,0.025,0.0,0.025,0.025,0.00621,0.01879,0.025,0.0,0.025,0.025,0.0,0.025
3,5,15.15,0.03,0.00174,0.02826,0.03,0.00791,0.02209,0.03,0.0,0.03,0.03,0.0,0.03
3,6,14.91,0.035,0.00405,0.03095,0.035,0.00678,0.02822,0.035,0.0,0.035,0.035,0.0,0.035
3,7,14.83,0.04,0.0,0.04,0.04,0.00565,0.03435,0.04,0.00289,0.03711,0.04,0.00449,0.03551
3,8,15.25,0.045,0.00116,0.04384,0.045,0.00621,0.03879,0.045,0.0,0.045,0.045,0.0,0.045
3,9,17.14,0.05,0.00579,0.04421,0.05,0.01017,0.03983,0.05,0.00462,0.04538,0.05,0.00256,0.04744
3,10,15.41,0.055,0.01273,0.04227,0.055,0.01243,0.04257,0.055,0.00404,0.05096,0.055,0.00577,0.04923
3,11,15.47,0.06,0.01678,0.04322,0.06,0.01356,0.04644,0.06,0.01098,0.04902,0.06,0.0109,0.0491
3,12,13.37,0.065,0.02083,0.04417,0.065,0.01695,0.04805,0.065,0.01444,0.05056,0.065,0.01667,0.04833
3,13,13.05,0.07,0.0272,0.0428,0.07,0.02373,0.04627,0.07,0.01906,0.05094,0.07,0.02244,0.04756
3,14,13.01,0.075,0.03472,0.04028,0.075,0.02712,0.04788,0.075,0.02715,0.04785,0.075,0.02949,0.04551
3,15,13.77,0.08,0.04456,0.03544,0.08,0.0339,0.0461,0.08,0.0312,0.0488,0.08,0.03654,0.04346
3,16,13.59,0.085,0.05382,0.03118,0.085,0.03955,0.04545,0.085,0.03928,0.04572,0.085,0.04423,0.04077
3,17,13.35,0.09,0.0625,0.0275,0.09,0.04802,0.04198,0.09,0.04102,0.04898,0.09,0.05,0.04
3,18,15.11,0.095,0.06944,0.02556,0.095,0.05537,0.03963,0.095,0.05257,0.04243,0.095,0.05897,0.03603
3,19,15.31,0.1,0.07639,0.02361,0.1,0.06441,0.03559,0.1,0.05719,0.04281,0.1,0.06538,0.03462
3,20,14.63,0.105,0.08218,0.02282,0.105,0.07175,0.03325,0.105,0.0647,0.0403,0.105,0.07308,0.03192
3,21,15.85,0.11,0.08912,0.02088,0.11,0.07966,0.03034,0.11,0.07106,0.03894,0.11,0.08077,0.02923
3,22,13.81,0.115,0.09086,0.02414,0.115,0.08475,0.03025,0.115,0.07972,0.03528,0.115,0.08654,0.02846
3,23,13.54,0.12,0.09664,0.02336,0.12,0.09209,0.02791,0.12,0.08608,0.03392,0.12,0.09359,0.02641
3,24,15.37,0.125,0.09838,0.02662,0.125,0.10282,0.02218,0.125,0.09243,0.03257,0.125,0.10128,0.02372
3,25,18.17,0.13,0.10301,0.02699,0.13,0.10678,0.02322,0.13,0.10225,0.02775,0.13,0.10962,0.02038
3,26,14.16,0.135,0.10417,0.03083,0.135,0.11186,0.02314,0.135,0.10803,0.02697,0.135,0.1141,0.0209
3,27,15.03,0.14,0.10706,0.03294,0.14,0.11751,0.02249,0.14,0.11381,0.02619,0.14,0.11923,0.02077
3,28,14.23,0.145,0.11053,0.03447,0.145,0.12203,0.02297,0.145,0.11843,0.02657,0.145,0.12308,0.02192
3,29,14.99,0.15,0.11227,0.03773,0.15,0.12712,0.02288,0.15,0.12247,0.02753,0.15,0.13013,0.01987
3,30,16.65,0.155,0.11748,0.03752,0.155,0.13107,0.02393,0.155,0.12709,0.02791,0.155,0.13077,0.02423
3,31,16.45,0.16,0.12095,0.03905,0.16,0.13333,0.02667,0.16,0.1294,0.0306,0.16,0.13333,0.02667
3,32,15.73,0.165,0.12384,0.04116,0.165,0.13559,0.02941,0.165,0.13114,0.03386,0.165,0.13718,0.02782
3,33,16.21,0.17,0.12905,0.04095,0.17,0.13842,0.03158,0.17,0.1346,0.0354,0.17,0.14295,0.02705
3,34,13.12,0.175,0.13252,0.04248,0.175,0.13898,0.03602,0.175,0.1346,0.0404,0.175,0.14551,0.02949
3,35,13.45,0.18,0.13889,0.04111,0.18,0.14011,0.03989,0.18,0.1398,0.0402,0.18,0.15192,0.02808
3,36,13.6,0.185,0.14294,0.04206,0.185,0.14237,0.04263,0.185,0.14327,0.04173,0.185,0.15385,0.03115
3,37,13.24,0.19,0.14931,0.04069,0.19,0.14407,0.04593,0.19,0.14789,0.04211,0.19,0.15769,0.03231
3,38,13.56,0.195,0.15625,0.03875,0.195,0.14689,0.04811,0.195,0.15136,0.04364,0.195,0.15897,0.03603
3,39,15.51,0.2,0.16319,0.03681,0.2,0.15085,0.04915,0.2,0.1502,0.0498,0.2,0.16795,0.03205
3,40,13.55,0.205,0.16667,0.03833,0.205,0.15593,0.04907,0.205,0.15887,0.04613,0.205,0.17051,0.03449
3,41,14.72,0.21,0.17361,0.03639,0.21,0.16102,0.04898,0.21,0.16407,0.04593,0.21,0.17628,0.03372
3,42,15.46,0.215,0.18056,0.03444,0.215,0.16384,0.05116,0.215,0.16811,0.04689,0.215,0.18205,0.03295
3,43,14.71,0.22,0.18461,0.03539,0.22,0.16893,0.05107,0.22,0.17447,0.04553,0.22,0.18526,0.03474
3,44,14.93,0.225,0.19213,0.03287,0.225,0.17401,0.05099,0.225,0.18024,0.04476,0.225,0.19103,0.03397
3,45,14.95,0.23,0.1985,0.0315,0.23,0.1791,0.0509,0.23,0.18718,0.04282,0.23,0.19808,0.03192
3,46,15.62,0.235,0.20197,0.03303,0.235,0.18701,0.04799,0.235,0.19526,0.03974,0.235,0.20385,0.03115
3,47,15.31,0.24,0.20949,0.03051,0.24,0.19153,0.04847,0.24,0.20277,0.03723,0.24,0.2141,0.0259
3,48,14.89,0.245,0.21238,0.03262,0.245,0.19605,0.04895,0.245,0.20739,0.03761,0.245,0.22372,0.02128
3,49,15.6,0.25,0.21759,0.03241,0.25,0.20169,0.04831,0.25,0.21375,0.03625,0.25,0.23462,0.01538
3,50,15.44,0.255,0.22338,0.03162,0.255,0.2096,0.0454,0.255,0.22184,0.03316,0.255,0.24423,0.01077
3,51,15.13,0.26,0.22569,0.03431,0.26,0.21412,0.04588,0.26,0.22588,0.03412,0.26,0.25064,0.00936
3,52,15.08,0.265,0.2309,0.0341,0.265,0.22034,0.04466,0.265,0.23166,0.03334,0.265,0.25449,0.01051
3,53,16.02,0.27,0.23611,0.03389,0.27,0.22712,0.04288,0.27,0.23744,0.03256,0.27,0.25962,0.01038
3,54,15.65,0.275,0.24074,0.03426,0.275,0.2322,0.0428,0.275,0.24379,0.03121,0.275,0.2641,0.0109
3,55,15.45,0.28,0.24595,0.03405,0.28,0.24124,0.03876,0.28,0.24841,0.03159,0.28,0.26795,0.01205
3,56,17.82,0.285,0.25058,0.03442,0.285,0.24802,0.03698,0.285,0.25303,0.03197,0.285,0.275,0.01
3,57,14.07,0.29,0.25984,0.03016,0.29,0.25311,0.03689,0.29,0.26054,0.02946,0.29,0.27885,0.01115
3,58,13.32,0.295,0.25637,0.03863,0.295,0.26102,0.03398,0.295,0.26228,0.03272,0.295,0.28333,0.01167
3,59,14.17,0.3,0.25926,0.04074,0.3,0.26667,0.03333,0.3,0.2669,0.0331,0.3,0.28846,0.01154
3,60,13.87,0.305,0.26042,0.04458,0.305,0.26949,0.03551,0.305,0.26863,0.03637,0.305,0.29231,0.01269
3,61,12.45,0.31,0.26736,0.04264,0.31,0.27401,0.03599,0.31,0.2721,0.0379,0.31,0.29615,0.01385
3,62,12.31,0.315,0.27315,0.04185,0.315,0.27797,0.03703,0.315,0.27499,0.04001,0.315,0.30064,0.01436
3,63,13.8,0.32,0.28009,0.03991,0.32,0.27853,0.04147,0.32,0.27614,0.04386,0.32,0.30705,0.01295
3,64,13.97,0.325,0.28588,0.03912,0.325,0.28305,0.04195,0.325,0.27903,0.04597,0.325,0.31603,0.00897
3,65,15.48,0.33,0.29167,0.03833,0.33,0.28644,0.04356,0.33,0.28365,0.04635,0.33,0.32244,0.00756
3,66,15.19,0.335,0.29919,0.03581,0.335,0.2904,0.0446,0.335,0.29174,0.04326,0.335,0.32692,0.00808
3,67,15.28,0.34,0.30903,0.03097,0.34,0.29605,0.04395,0.34,0.29578,0.04422,0.34,0.32949,0.01051
3,68,15.82,0.345,0.3125,0.0325,0.345,0.30226,0.04274,0.345,0.30272,0.04228,0.345,0.34231,0.00269
3,69,14.65,0.35,0.3206,0.0294,0.35,0.30339,0.04661,0.35,0.30734,0.04266,0.35,0.34487,0.00513
3,70,14.49,0.355,0.32465,0.03035,0.355,0.30847,0.04653,0.355,0.31658,0.03842,0.355,0.35128,0.00372
3,71,14.95,0.36,0.33218,0.02782,0.36,0.31582,0.04418,0.36,0.32236,0.03764,0.36,0.35705,0.00295
3,72,15.11,0.365,0.33681,0.02819,0.365,0.31808,0.04692,0.365,0.32929,0.03571,0.365,0.36346,0.00154
3,73,14.29,0.37,0.34375,0.02625,0.37,0.32655,0.04345,0.37,0.33738,0.03262,0.37,0.36731,0.00269
3,74,14.24,0.375,0.34838,0.02662,0.375,0.33107,0.04393,0.375,0.34315,0.03185,0.375,0.36987,0.00513
3,75,15.99,0.38,0.35301,0.02699,0.38,0.3339,0.0461,0.38,0.34951,0.03049,0.38,0.37564,0.00436
3,76,15.07,0.385,0.35764,0.02736,0.385,0.33785,0.04715,0.385,0.35644,0.02856,0.385,0.37949,0.00551
3,77,17.3,0.39,0.364,0.026,0.39,0.34633,0.04367,0.39,0.3628,0.0272,0.39,0.38782,0.00218
3,78,16.02,0.395,0.36979,0.02521,0.395,0.35028,0.04472,0.395,0.368,0.027,0.395,0.39295,0.00205
3,79,13.53,0.4,0.37153,0.02847,0.4,0.35537,0.04463,0.4,0.37262,0.02738,0.4,0.39679,0.00321
3,80,13.17,0.405,0.37558,0.02942,0.405,0.36384,0.04116,0.405,0.37782,0.02718,0.405,0.40256,0.00244
3,81,14.61,0.41,0.38194,0.02806,0.41,0.36836,0.04164,0.41,0.38186,0.02814,0.41,0.41218,-0.00218
3,82,12.67,0.415,0.38484,0.03016,0.415,0.37514,0.03986,0.415,0.38475,0.03025,0.415,0.41667,-0.00167
3,83,14.15,0.42,0.39062,0.02938,0.42,0.38192,0.03808,0.42,0.38995,0.03005,0.42,0.42115,-0.00115
3,84,14.68,0.425,0.39699,0.02801,0.425,0.38644,0.03856,0.425,0.39341,0.03159,0.425,0.42756,-0.00256
3,85,13.54,0.43,0.39988,0.03012,0.43,0.39096,0.03904,0.43,0.39688,0.03312,0.43,0.43333,-0.00333
3,86,15.72,0.435,0.4022,0.0328,0.435,0.39435,0.04065,0.435,0.39977,0.03523,0.435,0.43974,-0.00474
3,87,15.39,0.44,0.40509,0.03491,0.44,0.39887,0.04113,0.44,0.40439,0.03561,0.44,0.45,-0.01
3,88,14.43,0.445,0.41088,0.03412,0.445,0.40226,0.04274,0.445,0.40959,0.03541,0.445,0.45128,-0.00628
3,89,14.13,0.45,0.41898,0.03102,0.45,0.40734,0.04266,0.45,0.41363,0.03637,0.45,0.45641,-0.00641
3,90,14.87,0.455,0.42361,0.03139,0.455,0.41638,0.03862,0.455,0.41826,0.03674,0.455,0.46346,-0.00846
3,91,13.55,0.46,0.42593,0.03407,0.46,0.41638,0.04362,0.46,0.42114,0.03886,0.46,0.47115,-0.01115
3,92,14.14,0.465,0.43171,0.03329,0.465,0.42373,0.04127,0.465,0.42634,0.03866,0.465,0.47372,-0.00872
3,93,15.54,0.47,0.43692,0.03308,0.47,0.42768,0.04232,0.47,0.43154,0.03846,0.47,0.47756,-0.00756
3,94,15.28,0.475,0.44329,0.03171,0.475,0.43277,0.04223,0.475,0.43674,0.03826,0.475,0.48462,-0.00962
3,95,14.88,0.48,0.4485,0.0315,0.48,0.43672,0.04328,0.48,0.44483,0.03517,0.48,0.49359,-0.01359
3,96,14.55,0.485,0.45486,0.03014,0.485,0.44633,0.03867,0.485,0.45176,0.03324,0.485,0.49744,-0.01244
3,97,14.96,0.49,0.46007,0.02993,0.49,0.45141,0.03859,0.49,0.45465,0.03535,0.49,0.50449,-0.01449
3,98,15.91,0.495,0.46412,0.03088,0.495,0.45932,0.03568,0.495,0.46043,0.03457,0.495,0.50833,-0.01333
3,99,16.68,0.5,0.4728,0.0272,0.5,0.46215,0.03785,0.5,0.46736,0.03264,0.5,0.51795,-0.01795
3,100,16.34,0.505,0.47743,0.02757,0.5,0.46723,0.03277,0.505,0.47429,0.03071,0.5,0.52308,-0.02308
3,101,16.65,0.51,0.48264,0.02736,0.5,0.47175,0.02825,0.51,0.48065,0.02935,0.5,0.52885,-0.02885
3,102,13.56,0.515,0.48438,0.03063,0.5,0.4774,0.0226,0.515,0.4818,0.0332,0.5,0.53205,-0.03205
3,103,13.32,0.52,0.48958,0.03042,0.5,0.48588,0.01412,0.52,0.4922,0.0278,0.5,0.5359,-0.0359
3,104,13.03,0.525,0.5,0.025,0.5,0.4904,0.0096,0.525,0.49971,0.02529,0.5,0.54167,-0.04167
3,105,14.35,0.53,0.50752,0.02248,0.5,0.49379,0.00621,0.53,0.50433,0.02567,0.5,0.54615,-0.04615
3,106,13.59,0.535,0.51157,0.02343,0.5,0.50113,-0.00113,0.535,0.51242,0.02258,0.5,0.54936,-0.04936
3,107,13.65,0.54,0.5191,0.0209,0.5,0.50508,-0.00508,0.54,0.51993,0.02007,0.5,0.55128,-0.05128
3,108,13.37,0.545,0.52836,0.01664,0.5,0.50621,-0.00621,0.545,0.52282,0.02218,0.5,0.55321,-0.05321
3,109,13.23,0.55,0.53183,0.01817,0.5,0.50678,-0.00678,0.55,0.52571,0.02429,0.5,0.55513,-0.05513
3,110,14.99,0.555,0.53356,0.02144,0.5,0.50791,-0.00791,0.555,0.52917,0.02583,0.5,0.55641,-0.05641
3,111,14.29,0.56,0.53588,0.02412,0.5,0.50791,-0.00791,0.56,0.52802,0.03198,0.5,0.55769,-0.05769
3,112,14.22,0.565,0.53646,0.02854,0.5,0.50678,-0.00678,0.565,0.52917,0.03583,0.5,0.55769,-0.05769
3,113,15.5,0.57,0.54167,0.02833,0.5,0.50791,-0.00791,0.57,0.53206,0.03794,0.5,0.55705,-0.05705
3,114,14.49,0.575,0.54282,0.03218,0.5,0.5096,-0.0096,0.575,0.53553,0.03947,0.5,0.55769,-0.05769
3,115,14.93,0.58,0.54167,0.03833,0.5,0.50734,-0.00734,0.58,0.54015,0.03985,0.5,0.55769,-0.05769
3,116,16.03,0.585,0.5463,0.0387,0.5,0.50734,-0.00734,0.585,0.54477,0.04023,0.5,0.55705,-0.05705
3,117,16.05,0.59,0.55035,0.03965,0.5,0.50847,-0.00847,0.59,0.54882,0.04118,0.5,0.55641,-0.05641
3,118,14.86,0.595,0.55498,0.04002,0.5,0.50791,-0.00791,0.595,0.55517,0.03983,0.5,0.55705,-0.05705
3,119,15.76,0.6,0.5625,0.0375,0.5,0.50678,-0.00678,0.6,0.55979,0.04021,0.5,0.55705,-0.05705
3,120,15.77,0.605,0.56771,0.03729,0.5,0.50791,-0.00791,0.605,0.56384,0.04116,0.5,0.55641,-0.05641
3,121,15.92,0.61,0.57176,0.03824,0.5,0.50791,-0.00791,0.61,0.5725,0.0375,0.5,0.55641,-0.05641
3,122,16.78,0.615,0.57928,0.03572,0.5,0.50678,-0.00678,0.615,0.57943,0.03557,0.5,0.55962,-0.05962
3,123,16.13,0.62,0.58681,0.03319,0.5,0.5096,-0.0096,0.62,0.58406,0.03594,0.5,0.55769,-0.05769
3,124,13.91,0.625,0.59028,0.03472,0.5,0.50904,-0.00904,0.625,0.59099,0.03401,0.5,0.55769,-0.05769
3,125,13.48,0.63,0.59549,0.03451,0.5,0.50847,-0.00847,0.63,0.5985,0.0315,0.5,0.55641,-0.05641
3,126,14.46,0.635,0.60243,0.03257,0.5,0.5096,-0.0096,0.635,0.60254,0.03246,0.5,0.55769,-0.05769
3,127,14.58,0.64,0.60764,0.03236,0.5,0.5096,-0.0096,0.64,0.60947,0.03053,0.5,0.55833,-0.05833
3,128,13.76,0.645,0.61111,0.03389,0.5,0.50847,-0.00847,0.645,0.61525,0.02975,0.5,0.55897,-0.05897
3,129,13.44,0.65,0.61632,0.03368,0.5,0.50847,-0.00847,0.65,0.61872,0.03128,0.5,0.55769,-0.05769
3,130,13.09,0.655,0.62211,0.03289,0.5,0.50734,-0.00734,0.655,0.62392,0.03108,0.5,0.55705,-0.05705
3,131,13.8,0.66,0.62558,0.03442,0.5,0.50734,-0.00734,0.66,0.62912,0.03088,0.5,0.55897,-0.05897
3,132,14.15,0.665,0.63137,0.03363,0.5,0.50791,-0.00791,0.665,0.63316,0.03184,0.5,0.55577,-0.05577
3,133,14.26,0.67,0.63889,0.03111,0.5,0.5096,-0.0096,0.67,0.63605,0.03395,0.5,0.55705,-0.05705
3,134,14.32,0.675,0.64178,0.03322,0.5,0.50678,-0.00678,0.675,0.64125,0.03375,0.5,0.55641,-0.05641
3,135,14.48,0.68,0.64757,0.03243,0.5,0.50678,-0.00678,0.68,0.64702,0.03298,0.5,0.55705,-0.05705
3,136,15.47,0.685,0.65394,0.03106,0.5,0.50621,-0.00621,0.685,0.65107,0.03393,0.5,0.55769,-0.05769
3,137,14.22,0.69,0.65856,0.03144,0.5,0.50621,-0.00621,0.69,0.65569,0.03431,0.5,0.55705,-0.05705
3,138,14.5,0.695,0.66377,0.03123,0.5,0.50621,-0.00621,0.695,0.66378,0.03122,0.5,0.55705,-0.05705
3,139,14.89,0.7,0.66956,0.03044,0.5,0.50678,-0.00678,0.7,0.66551,0.03449,0.5,0.55705,-0.05705
3,140,14.61,0.705,0.67593,0.02907,0.5,0.50621,-0.00621,0.705,0.67013,0.03487,0.5,0.55833,-0.05833
3,141,15.23,0.71,0.68461,0.02539,0.5,0.50791,-0.00791,0.71,0.67475,0.03525,0.5,0.55769,-0.05769
3,142,15.09,0.715,0.6875,0.0275,0.5,0.50678,-0.00678,0.715,0.67533,0.03967,0.5,0.55769,-0.05769
3,143,14.94,0.72,0.69039,0.02961,0.5,0.50621,-0.00621,0.72,0.68458,0.03542,0.5,0.55769,-0.05769
3,144,16.05,0.725,0.69676,0.02824,0.5,0.50565,-0.00565,0.725,0.69093,0.03407,0.5,0.55769,-0.05769
3,145,16.22,0.73,0.70197,0.02803,0.5,0.50734,-0.00734,0.73,0.69613,0.03387,0.5,0.55833,-0.05833
3,146,15.49,0.735,0.70718,0.02782,0.5,0.50621,-0.00621,0.735,0.70191,0.03309,0.5,0.55705,-0.05705
3,147,14.1,0.74,0.71296,0.02704,0.5,0.50678,-0.00678,0.74,0.70999,0.03001,0.5,0.55769,-0.05769
3,148,13.74,0.745,0.71701,0.02799,0.5,0.50621,-0.00621,0.745,0.71115,0.03385,0.5,0.55705,-0.05705
3,149,12.42,0.75,0.71933,0.03067,0.5,0.50508,-0.00508,0.75,0.71519,0.03481,0.5,0.55641,-0.05641
3,150,14.28,0.755,0.72338,0.03162,0.5,0.50565,-0.00565,0.755,0.72155,0.03345,0.5,0.55705,-0.05705
3,151,13.65,0.76,0.7309,0.0291,0.5,0.50678,-0.00678,0.76,0.72501,0.03499,0.5,0.55705,-0.05705
3,152,14.14,0.765,0.7338,0.0312,0.5,0.50678,-0.00678,0.765,0.73079,0.03421,0.5,0.55769,-0.05769
3,153,15.83,0.77,0.73785,0.03215,0.5,0.50621,-0.00621,0.77,0.73426,0.03574,0.5,0.55705,-0.05705
3,154,14.55,0.775,0.74537,0.02963,0.5,0.50621,-0.00621,0.775,0.73946,0.03554,0.5,0.55769,-0.05769
3,155,15.66,0.78,0.74711,0.03289,0.5,0.50678,-0.00678,0.78,0.74466,0.03534,0.5,0.55705,-0.05705
3,156,14.15,0.785,0.75405,0.03095,0.5,0.50678,-0.00678,0.785,0.74639,0.03861,0.5,0.55833,-0.05833
3,157,15.12,0.79,0.75694,0.03306,0.5,0.50621,-0.00621,0.79,0.75217,0.03783,0.5,0.55769,-0.05769
3,158,15.08,0.795,0.76273,0.03227,0.5,0.50621,-0.00621,0.795,0.76199,0.03301,0.5,0.55769,-0.05769
3,159,15.58,0.8,0.76678,0.03322,0.5,0.50565,-0.00565,0.8,0.7643,0.0357,0.5,0.55641,-0.05641
3,160,15.21,0.805,0.77199,0.03301,0.5,0.50621,-0.00621,0.805,0.77123,0.03377,0.5,0.55769,-0.05769
3,161,15.02,0.81,0.77894,0.03106,0.5,0.50621,-0.00621,0.81,0.77701,0.03299,0.5,0.55705,-0.05705
3,162,14.43,0.815,0.78299,0.03201,0.5,0.50565,-0.00565,0.815,0.78336,0.03164,0.5,0.55769,-0.05769
3,163,16.01,0.82,0.79225,0.02775,0.5,0.50565,-0.00565,0.82,0.79029,0.02971,0.5,0.55769,-0.05769
3,164,14.95,0.825,0.79803,0.02697,0.5,0.50678,-0.00678,0.825,0.7978,0.0272,0.5,0.55769,-0.05769
3,165,15.55,0.83,0.79861,0.03139,0.5,0.50734,-0.00734,0.83,0.803,0.027,0.5,0.55897,-0.05897
3,166,16.05,0.835,0.80498,0.03002,0.5,0.50678,-0.00678,0.835,0.80878,0.02622,0.5,0.55769,-0.05769
3,167,15.67,0.84,0.81481,0.02519,0.5,0.50734,-0.00734,0.84,0.81282,0.02718,0.5,0.55833,-0.05833
3,168,15.66,0.845,0.81539,0.02961,0.5,0.50621,-0.00621,0.845,0.81976,0.02524,0.5,0.55705,-0.05705
3,169,16.21,0.85,0.82523,0.02477,0.5,0.50734,-0.00734,0.85,0.8238,0.0262,0.5,0.56026,-0.06026
3,170,13.84,0.855,0.82755,0.02745,0.5,0.50621,-0.00621,0.855,0.82611,0.02889,0.5,0.55962,-0.05962
3,171,14.37,0.86,0.83218,0.02782,0.5,0.50565,-0.00565,0.86,0.83131,0.02869,0.5,0.55705,-0.05705
3,172,13.25,0.865,0.83681,0.02819,0.5,0.50621,-0.00621,0.865,0.83536,0.02964,0.5,0.55769,-0.05769
3,173,12.6,0.87,0.84201,0.02799,0.5,0.50565,-0.00565,0.87,0.8394,0.0306,0.5,0.55769,-0.05769
3,174,13.26,0.875,0.84491,0.03009,0.5,0.50621,-0.00621,0.875,0.84287,0.03213,0.5,0.55705,-0.05705
3,175,13.24,0.88,0.84722,0.03278,0.5,0.50678,-0.00678,0.88,0.85153,0.02847,0.5,0.55769,-0.05769
3,176,15.75,0.885,0.85475,0.03025,0.5,0.50678,-0.00678,0.885,0.855,0.03,0.5,0.55769,-0.05769
3,177,14.65,0.89,0.85938,0.03063,0.5,0.50565,-0.00565,0.89,0.85673,0.03327,0.5,0.55769,-0.05769
3,178,14.05,0.895,0.864,0.031,0.5,0.50452,-0.00452,0.895,0.86366,0.03134,0.5,0.55769,-0.05769
3,179,14.43,0.9,0.8669,0.0331,0.5,0.50565,-0.00565,0.9,0.86771,0.03229,0.5,0.55897,-0.05897
3,180,15.23,0.905,0.87847,0.02653,0.5,0.50508,-0.00508,0.905,0.87464,0.03036,0.5,0.55833,-0.05833
3,181,13.39,0.91,0.88368,0.02632,0.5,0.50508,-0.00508,0.91,0.88099,0.02901,0.5,0.55897,-0.05897
3,182,15.22,0.915,0.88484,0.03016,0.5,0.50565,-0.00565,0.915,0.88793,0.02707,0.5,0.55833,-0.05833
3,183,15.81,0.92,0.88889,0.03111,0.5,0.50621,-0.00621,0.92,0.89024,0.02976,0.5,0.55769,-0.05769
3,184,14.6,0.925,0.8941,0.0309,0.5,0.50621,-0.00621,0.925,0.89544,0.02956,0.5,0.55769,-0.05769
3,185,15.0,0.93,0.89873,0.03127,0.5,0.50565,-0.00565,0.93,0.90121,0.02879,0.5,0.55897,-0.05897
3,186,15.0,0.935,0.90741,0.02759,0.5,0.50508,-0.00508,0.935,0.90815,0.02685,0.5,0.55833,-0.05833
3,187,14.2,0.94,0.9103,0.0297,0.5,0.50565,-0.00565,0.94,0.91161,0.02839,0.5,0.55769,-0.05769
3,188,14.58,0.945,0.91551,0.02949,0.5,0.50565,-0.00565,0.945,0.91854,0.02646,0.5,0.55833,-0.05833
3,189,17.62,0.95,0.9265,0.0235,0.5,0.50621,-0.00621,0.95,0.93068,0.01932,0.5,0.55897,-0.05897
3,190,15.51,0.955,0.9294,0.0256,0.5,0.50791,-0.00791,0.955,0.93068,0.02432,0.5,0.55897,-0.05897
3,191,15.88,0.96,0.93403,0.02597,0.5,0.50339,-0.00339,0.96,0.93356,0.02644,0.5,0.55641,-0.05641
3,192,16.63,0.965,0.9375,0.0275,0.5,0.50565,-0.00565,0.965,0.94339,0.02161,0.5,0.55769,-0.05769
3,193,14.01,0.97,0.94213,0.02787,0.5,0.50508,-0.00508,0.97,0.94512,0.02488,0.5,0.55705,-0.05705
3,194,13.96,0.975,0.94618,0.02882,0.5,0.50621,-0.00621,0.975,0.94858,0.02642,0.5,0.55641,-0.05641
3,195,13.24,0.98,0.94792,0.03208,0.5,0.50678,-0.00678,0.98,0.95436,0.02564,0.5,0.55833,-0.05833
3,196,13.51,0.985,0.9537,0.0313,0.5,0.50621,-0.00621,0.985,0.95841,0.02659,0.5,0.55769,-0.05769
3,197,13.53,0.99,0.95544,0.03456,0.5,0.50565,-0.00565,0.99,0.96187,0.02813,0.5,0.55769,-0.05769
3,198,13.58,0.995,0.95775,0.03725,0.5,0.50678,-0.00678,0.995,0.96303,0.03197,0.5,0.55897,-0.05897
3,199,13.28,1.0,0.96123,0.03877,0.5,0.50678,-0.00678,1.0,0.96823,0.03177,0.5,0.55897,-0.05897
5,0,34.77,0.005,0.0,0.005,0.005,0.0,0.005,0.005,0.0,0.005,0.005,0.0,0.005
5,1,27.1,0.01,0.0,0.01,0.01,0.0,0.01,0.01,0.0,0.01,0.01,0.0,0.01
5,2,21.42,0.015,0.0,0.015,0.015,0.0,0.015,0.015,0.0,0.015,0.015,0.0,0.015
5,3,20.64,0.02,0.0,0.02,0.02,0.0,0.02,0.02,0.0,0.02,0.02,0.0,0.02
5,4,21.83,0.025,0.0,0.025,0.025,0.0,0.025,0.025,0.0,0.025,0.025,0.0,0.025
5,5,20.28,0.03,0.0,0.03,0.03,0.0,0.03,0.03,0.0,0.03,0.03,0.0,0.03
5,6,21.92,0.035,0.0,0.035,0.035,0.0,0.035,0.035,0.00069,0.03431,0.035,0.0,0.035
5,7,23.94,0.04,0.0,0.04,0.04,0.0,0.04,0.04,0.00243,0.03757,0.04,0.0,0.04
5,8,23.41,0.045,0.00417,0.04083,0.045,0.0,0.045,0.045,0.00381,0.04119,0.045,0.00231,0.04269
5,9,22.38,0.05,0.01007,0.03993,0.05,0.0,0.05,0.05,0.00797,0.04203,0.05,0.00538,0.04462
5,10,21.28,0.055,0.01736,0.03764,0.055,0.0,0.055,0.055,0.01282,0.04218,0.055,0.00885,0.04615
5,11,20.74,0.06,0.02361,0.03639,0.06,0.00068,0.05932,0.06,0.01768,0.04232,0.06,0.01423,0.04577
5,12,20.92,0.065,0.0316,0.0334,0.065,0.0078,0.0572,0.065,0.02322,0.04178,0.065,0.02269,0.04231
5,13,21.74,0.07,0.04028,0.02972,0.07,0.01661,0.05339,0.07,0.02877,0.04123,0.07,0.02538,0.04462
5,14,20.86,0.075,0.04861,0.02639,0.075,0.02271,0.05229,0.075,0.03709,0.03791,0.075,0.03385,0.04115
5,15,20.87,0.08,0.05625,0.02375,0.08,0.03119,0.04881,0.08,0.04471,0.03529,0.08,0.04385,0.03615
5,16,22.82,0.085,0.06562,0.01938,0.085,0.03966,0.04534,0.085,0.04991,0.03509,0.085,0.05115,0.03385
5,17,21.08,0.09,0.07083,0.01917,0.09,0.05017,0.03983,0.09,0.05685,0.03315,0.09,0.05731,0.03269
5,18,19.38,0.095,0.07708,0.01792,0.095,0.05898,0.03602,0.095,0.06135,0.03365,0.095,0.065,0.03
5,19,17.45,0.1,0.0816,0.0184,0.1,0.06678,0.03322,0.1,0.06759,0.03241,0.1,0.07346,0.02654
5,20,19.89,0.105,0.08368,0.02132,0.105,0.07525,0.02975,0.105,0.07348,0.03152,0.105,0.07962,0.02538
5,21,20.24,0.11,0.0875,0.0225,0.11,0.08203,0.02797,0.11,0.07972,0.03028,0.11,0.08962,0.02038
5,22,20.82,0.115,0.09028,0.02472,0.115,0.08983,0.02517,0.115,0.087,0.028,0.115,0.09538,0.01962
5,23,22.05,0.12,0.09201,0.02799,0.12,0.09864,0.02136,0.12,0.09359,0.02641,0.12,0.10192,0.01808
5,24,20.99,0.125,0.09549,0.02951,0.125,0.10644,0.01856,0.125,0.10017,0.02483,0.125,0.10923,0.01577
5,25,19.69,0.13,0.09653,0.03347,0.13,0.11254,0.01746,0.13,0.10745,0.02255,0.13,0.11423,0.01577
5,26,26.07,0.135,0.10069,0.03431,0.135,0.11966,0.01534,0.135,0.11334,0.02166,0.135,0.11808,0.01692
5,27,22.74,0.14,0.10417,0.03583,0.14,0.12542,0.01458,0.14,0.11958,0.02042,0.14,0.12385,0.01615
5,28,20.61,0.145,0.1059,0.0391,0.145,0.13051,0.01449,0.145,0.12409,0.02091,0.145,0.12808,0.01692
5,29,21.19,0.15,0.11076,0.03924,0.15,0.13356,0.01644,0.15,0.12756,0.02244,0.15,0.12962,0.02038
5,30,22.11,0.155,0.11562,0.03938,0.155,0.13593,0.01907,0.155,0.13102,0.02398,0.155,0.12962,0.02538
5,31,20.67,0.16,0.11875,0.04125,0.16,0.13831,0.02169,0.16,0.1331,0.0269,0.16,0.13115,0.02885
5,32,20.6,0.165,0.12326,0.04174,0.165,0.13898,0.02602,0.165,0.13484,0.03016,0.165,0.13231,0.03269
5,33,22.25,0.17,0.12882,0.04118,0.17,0.13898,0.03102,0.17,0.13518,0.03482,0.17,0.13346,0.03654
5,34,22.08,0.175,0.13542,0.03958,0.175,0.13966,0.03534,0.175,0.1383,0.0367,0.175,0.13885,0.03615
5,35,23.61,0.18,0.14132,0.03868,0.18,0.13932,0.04068,0.18,0.14073,0.03927,0.18,0.14577,0.03423
5,36,22.89,0.185,0.15,0.035,0.185,0.14441,0.04059,0.185,0.1435,0.0415,0.185,0.14846,0.03654
5,37,19.87,0.19,0.15729,0.03271,0.19,0.14576,0.04424,0.19,0.14766,0.04234,0.19,0.15654,0.03346
5,38,20.87,0.195,0.16285,0.03215,0.195,0.14881,0.04619,0.195,0.15078,0.04422,0.195,0.16,0.035
5,39,21.93,0.2,0.1691,0.0309,0.2,0.14644,0.05356,0.2,0.15598,0.04402,0.2,0.165,0.035
5,40,21.26,0.205,0.17569,0.02931,0.205,0.1539,0.0511,0.205,0.1591,0.0459,0.205,0.17231,0.03269
5,41,22.2,0.21,0.1816,0.0284,0.21,0.15932,0.05068,0.21,0.16534,0.04466,0.21,0.17615,0.03385
5,42,22.71,0.215,0.18889,0.02611,0.215,0.16102,0.05398,0.215,0.17296,0.04204,0.215,0.185,0.03
5,43,22.05,0.22,0.19306,0.02694,0.22,0.16881,0.05119,0.22,0.18024,0.03976,0.22,0.19,0.03
5,44,22.04,0.225,0.19965,0.02535,0.225,0.17559,0.04941,0.225,0.18752,0.03748,0.225,0.19808,0.02692
5,45,22.57,0.23,0.20174,0.02826,0.23,0.18237,0.04763,0.23,0.19411,0.03589,0.23,0.20423,0.02577
5,46,22.55,0.235,0.20799,0.02701,0.235,0.18814,0.04686,0.235,0.20277,0.03223,0.235,0.21462,0.02038
5,47,22.84,0.24,0.21076,0.02924,0.24,0.19627,0.04373,0.24,0.20971,0.03029,0.24,0.225,0.015
5,48,22.48,0.245,0.21597,0.02903,0.245,0.20203,0.04297,0.245,0.21525,0.02975,0.245,0.23462,0.01038
5,49,20.41,0.25,0.21944,0.03056,0.25,0.20847,0.04153,0.25,0.2208,0.0292,0.25,0.24385,0.00615
5,50,21.85,0.255,0.22292,0.03208,0.255,0.21458,0.04042,0.255,0.22738,0.02762,0.255,0.24923,0.00577
5,51,21.34,0.26,0.22847,0.03153,0.26,0.22034,0.03966,0.26,0.23016,0.02984,0.26,0.25538,0.00462
5,52,20.74,0.265,0.23368,0.03132,0.265,0.22678,0.03822,0.265,0.23605,0.02895,0.265,0.25962,0.00538
5,53,19.05,0.27,0.2375,0.0325,0.27,0.23085,0.03915,0.27,0.23951,0.03049,0.27,0.26192,0.00808
5,54,24.87,0.275,0.24097,0.03403,0.275,0.24136,0.03364,0.275,0.24575,0.02925,0.275,0.26538,0.00962
5,55,21.7,0.28,0.24653,0.03347,0.28,0.24644,0.03356,0.28,0.24922,0.03078,0.28,0.26846,0.01154
5,56,21.11,0.285,0.25174,0.03326,0.285,0.25153,0.03347,0.285,0.25511,0.02989,0.285,0.27308,0.01192
5,57,21.69,0.29,0.25625,0.03375,0.29,0.25898,0.03102,0.29,0.25927,0.03073,0.29,0.27538,0.01462
5,58,21.59,0.295,0.25972,0.03528,0.295,0.26508,0.02992,0.295,0.2617,0.0333,0.295,0.27962,0.01538
5,59,22.77,0.3,0.26493,0.03507,0.3,0.26712,0.03288,0.3,0.2669,0.0331,0.3,0.28654,0.01346
5,60,19.93,0.305,0.26493,0.04007,0.305,0.26949,0.03551,0.305,0.2714,0.0336,0.305,0.29192,0.01308
5,61,21.52,0.31,0.26771,0.04229,0.31,0.27322,0.03678,0.31,0.27556,0.03444,0.31,0.29769,0.01231
5,62,22.03,0.315,0.27361,0.04139,0.315,0.27525,0.03975,0.315,0.27903,0.03597,0.315,0.29962,0.01538
5,63,22.63,0.32,0.28333,0.03667,0.32,0.27797,0.04203,0.32,0.28076,0.03924,0.32,0.30731,0.01269
5,64,22.36,0.325,0.29028,0.03472,0.325,0.28136,0.04364,0.325,0.28458,0.04042,0.325,0.31615,0.00885
5,65,21.09,0.33,0.29931,0.03069,0.33,0.28373,0.04627,0.33,0.28769,0.04231,0.33,0.32231,0.00769
5,66,19.68,0.335,0.30208,0.03292,0.335,0.2878,0.0472,0.335,0.29151,0.04349,0.335,0.32692,0.00808
5,67,16.25,0.34,0.31007,0.02993,0.34,0.29119,0.04881,0.34,0.29567,0.04433,0.34,0.33423,0.00577
5,68,15.93,0.345,0.31458,0.03042,0.345,0.29559,0.04941,0.345,0.30156,0.04344,0.345,0.34385,0.00115
5,69,14.72,0.35,0.31944,0.03056,0.35,0.30068,0.04932,0.35,0.30468,0.04532,0.35,0.34846,0.00154
5,70,14.11,0.355,0.32326,0.03174,0.355,0.3061,0.0489,0.355,0.30849,0.04651,0.355,0.35115,0.00385
5,71,15.21,0.36,0.32708,0.03292,0.36,0.30881,0.05119,0.36,0.313,0.047,0.36,0.35346,0.00654
5,72,16.95,0.365,0.33368,0.03132,0.365,0.31288,0.05212,0.365,0.3182,0.0468,0.365,0.35923,0.00577
5,73,15.25,0.37,0.33646,0.03354,0.37,0.31695,0.05305,0.37,0.32444,0.04556,0.37,0.36385,0.00615
5,74,15.57,0.375,0.33958,0.03542,0.375,0.32068,0.05432,0.375,0.32825,0.04675,0.375,0.36538,0.00962
5,75,16.43,0.38,0.34479,0.03521,0.38,0.32881,0.05119,0.38,0.33588,0.04412,0.38,0.37,0.01
5,76,17.3,0.385,0.34931,0.03569,0.385,0.33186,0.05314,0.385,0.34142,0.04358,0.385,0.37346,0.01154
5,77,15.85,0.39,0.35243,0.03757,0.39,0.33525,0.05475,0.39,0.34558,0.04442,0.39,0.37615,0.01385
5,78,14.5,0.395,0.35451,0.04049,0.395,0.33966,0.05534,0.395,0.35251,0.04249,0.395,0.38231,0.01269
5,79,16.3,0.4,0.35972,0.04028,0.4,0.34305,0.05695,0.4,0.35806,0.04194,0.4,0.38538,0.01462
5,80,17.8,0.405,0.36458,0.04042,0.405,0.34983,0.05517,0.405,0.3636,0.0414,0.405,0.39,0.015
5,81,17.54,0.41,0.36979,0.04021,0.41,0.35525,0.05475,0.41,0.37019,0.03981,0.41,0.39769,0.01231
5,82,19.53,0.415,0.375,0.04,0.415,0.36237,0.05263,0.415,0.37643,0.03857,0.415,0.40269,0.01231
5,83,20.04,0.42,0.38056,0.03944,0.42,0.37017,0.04983,0.42,0.38267,0.03733,0.42,0.41154,0.00846
5,84,19.67,0.425,0.38646,0.03854,0.425,0.37898,0.04602,0.425,0.38787,0.03713,0.425,0.41846,0.00654
5,85,20.36,0.43,0.39236,0.03764,0.43,0.38373,0.04627,0.43,0.39619,0.03381,0.43,0.42615,0.00385
5,86,22.38,0.435,0.4,0.035,0.435,0.39322,0.04178,0.435,0.40104,0.03396,0.435,0.43346,0.00154
5,87,22.13,0.44,0.40694,0.03306,0.44,0.39898,0.04102,0.44,0.40936,0.03064,0.44,0.44192,-0.00192
5,88,22.59,0.445,0.41319,0.03181,0.445,0.40441,0.04059,0.445,0.41629,0.02871,0.445,0.45038,-0.00538
5,89,23.57,0.45,0.42014,0.02986,0.45,0.41119,0.03881,0.45,0.42184,0.02816,0.45,0.45769,-0.00769
5,90,21.39,0.455,0.42535,0.02965,0.455,0.41966,0.03534,0.455,0.42842,0.02658,0.455,0.46577,-0.01077
5,91,21.7,0.46,0.43056,0.02944,0.46,0.42339,0.03661,0.46,0.43432,0.02568,0.46,0.47385,-0.01385
5,92,21.37,0.465,0.43785,0.02715,0.465,0.42746,0.03754,0.465,0.43986,0.02514,0.465,0.48038,-0.01538
5,93,18.84,0.47,0.4434,0.0266,0.47,0.43254,0.03746,0.47,0.44541,0.02459,0.47,0.48885,-0.01885
5,94,15.59,0.475,0.44792,0.02708,0.475,0.43797,0.03703,0.475,0.4461,0.0289,0.475,0.49,-0.015
5,95,16.19,0.48,0.45208,0.02792,0.48,0.44136,0.03864,0.48,0.45095,0.02905,0.48,0.49615,-0.01615
5,96,15.22,0.485,0.4559,0.0291,0.485,0.44542,0.03958,0.485,0.45303,0.03197,0.485,0.5,-0.015
5,97,15.95,0.49,0.46042,0.02958,0.49,0.4478,0.0422,0.49,0.45719,0.03281,0.49,0.505,-0.015
5,98,15.77,0.495,0.46458,0.03042,0.495,0.4522,0.0428,0.495,0.45893,0.03607,0.495,0.50885,-0.01385
5,99,16.2,0.5,0.46736,0.03264,0.5,0.45559,0.04441,0.5,0.46135,0.03865,0.5,0.51269,-0.01269
5,100,24.48,0.505,0.47257,0.03243,0.5,0.45932,0.04068,0.505,0.4669,0.0381,0.5,0.52115,-0.02115
5,101,24.87,0.51,0.47882,0.03118,0.5,0.46542,0.03458,0.51,0.47348,0.03652,0.5,0.52577,-0.02577
5,102,26.27,0.515,0.48438,0.03063,0.5,0.47254,0.02746,0.515,0.47868,0.03632,0.5,0.53385,-0.03385
5,103,22.54,0.52,0.48993,0.03007,0.5,0.47898,0.02102,0.52,0.48319,0.03681,0.5,0.53885,-0.03885
5,104,22.35,0.525,0.50104,0.02396,0.5,0.48339,0.01661,0.525,0.49393,0.03107,0.5,0.54577,-0.04577
5,105,21.45,0.53,0.50972,0.02028,0.5,0.49017,0.00983,0.53,0.50503,0.02497,0.5,0.54769,-0.04769
5,106,20.58,0.535,0.51597,0.01903,0.5,0.49593,0.00407,0.535,0.51681,0.01819,0.5,0.55154,-0.05154
5,107,21.6,0.54,0.52674,0.01326,0.5,0.50237,-0.00237,0.54,0.52409,0.01591,0.5,0.55308,-0.05308
5,108,22.02,0.545,0.5316,0.0134,0.5,0.50678,-0.00678,0.545,0.5286,0.0164,0.5,0.55615,-0.05615
5,109,25.29,0.55,0.53542,0.01458,0.5,0.50949,-0.00949,0.55,0.53172,0.01828,0.5,0.55885,-0.05885
5,110,20.21,0.555,0.53542,0.01958,0.5,0.50983,-0.00983,0.555,0.53276,0.02224,0.5,0.55962,-0.05962
5,111,21.51,0.56,0.53681,0.02319,0.5,0.50983,-0.00983,0.56,0.53657,0.02343,0.5,0.56038,-0.06038
5,112,22.75,0.565,0.54028,0.02472,0.5,0.50983,-0.00983,0.565,0.53761,0.02739,0.5,0.56077,-0.06077
5,113,22.34,0.57,0.54201,0.02799,0.5,0.50881,-0.00881,0.57,0.54177,0.02823,0.5,0.55962,-0.05962
5,114,20.71,0.575,0.54583,0.02917,0.5,0.50983,-0.00983,0.575,0.5487,0.0263,0.5,0.56038,-0.06038
5,115,21.71,0.58,0.54792,0.03208,0.5,0.50983,-0.00983,0.58,0.54662,0.03338,0.5,0.56038,-0.06038
5,116,20.15,0.585,0.55035,0.03465,0.5,0.50983,-0.00983,0.585,0.54974,0.03526,0.5,0.56038,-0.06038
5,117,20.87,0.59,0.55625,0.03375,0.5,0.50881,-0.00881,0.59,0.55529,0.03471,0.5,0.56077,-0.06077
5,118,22.86,0.595,0.56146,0.03354,0.5,0.51017,-0.01017,0.595,0.5591,0.0359,0.5,0.55808,-0.05808
5,119,23.12,0.6,0.56736,0.03264,0.5,0.51017,-0.01017,0.6,0.56776,0.03224,0.5,0.55962,-0.05962
5,120,21.45,0.605,0.57292,0.03208,0.5,0.50949,-0.00949,0.605,0.5747,0.0303,0.5,0.55962,-0.05962
5,121,22.68,0.61,0.57708,0.03292,0.5,0.50949,-0.00949,0.61,0.5799,0.0301,0.5,0.55923,-0.05923
5,122,21.69,0.615,0.58264,0.03236,0.5,0.50983,-0.00983,0.615,0.58752,0.02748,0.5,0.55885,-0.05885
5,123,21.26,0.62,0.58889,0.03111,0.5,0.51186,-0.01186,0.62,0.5896,0.0304,0.5,0.55923,-0.05923
5,124,21.03,0.625,0.59653,0.02847,0.5,0.51085,-0.01085,0.625,0.59688,0.02812,0.5,0.55923,-0.05923
5,125,22.12,0.63,0.60174,0.02826,0.5,0.50949,-0.00949,0.63,0.60312,0.02688,0.5,0.55923,-0.05923
5,126,22.22,0.635,0.60521,0.02979,0.5,0.50915,-0.00915,0.635,0.60832,0.02668,0.5,0.55808,-0.05808
5,127,22.18,0.64,0.61042,0.02958,0.5,0.51085,-0.01085,0.64,0.61421,0.02579,0.5,0.55923,-0.05923
5,128,22.32,0.645,0.61667,0.02833,0.5,0.50949,-0.00949,0.645,0.62149,0.02351,0.5,0.55962,-0.05962
5,129,21.0,0.65,0.62674,0.02326,0.5,0.51051,-0.01051,0.65,0.62461,0.02539,0.5,0.55962,-0.05962
5,130,19.88,0.655,0.62778,0.02722,0.5,0.51119,-0.01119,0.655,0.62808,0.02692,0.5,0.55885,-0.05885
5,131,20.91,0.66,0.63194,0.02806,0.5,0.51153,-0.01153,0.66,0.63328,0.02672,0.5,0.55923,-0.05923
5,132,26.12,0.665,0.63924,0.02576,0.5,0.50983,-0.00983,0.665,0.63986,0.02514,0.5,0.56,-0.06
5,133,20.69,0.67,0.64236,0.02764,0.5,0.50881,-0.00881,0.67,0.64471,0.02529,0.5,0.55962,-0.05962
5,134,21.52,0.675,0.64618,0.02882,0.5,0.50983,-0.00983,0.675,0.64506,0.02994,0.5,0.56,-0.06
5,135,22.64,0.68,0.65347,0.02653,0.5,0.5078,-0.0078,0.68,0.64818,0.03182,0.5,0.56,-0.06
5,136,24.43,0.685,0.65833,0.02667,0.5,0.49661,0.00339,0.685,0.65511,0.02989,0.5,0.55923,-0.05923
5,137,22.78,0.69,0.66354,0.02646,0.5,0.49017,0.00983,0.69,0.6565,0.0335,0.5,0.55962,-0.05962
5,138,21.33,0.695,0.67014,0.02486,0.5,0.48746,0.01254,0.695,0.6617,0.0333,0.5,0.55923,-0.05923
5,139,21.64,0.7,0.67465,0.02535,0.5,0.4861,0.0139,0.7,0.66863,0.03137,0.5,0.55923,-0.05923
5,140,22.41,0.705,0.68056,0.02444,0.5,0.48712,0.01288,0.705,0.67175,0.03325,0.5,0.56,-0.06
5,141,21.06,0.71,0.68576,0.02424,0.5,0.48814,0.01186,0.71,0.67834,0.03166,0.5,0.56038,-0.06038
5,142,20.81,0.715,0.68924,0.02576,0.5,0.48542,0.01458,0.715,0.68458,0.03042,0.5,0.55962,-0.05962
5,143,20.51,0.72,0.69444,0.02556,0.5,0.48542,0.01458,0.72,0.68943,0.03057,0.5,0.55885,-0.05885
5,144,21.38,0.725,0.69965,0.02535,0.5,0.48712,0.01288,0.725,0.69463,0.03037,0.5,0.55923,-0.05923
5,145,18.27,0.73,0.70382,0.02618,0.5,0.48644,0.01356,0.73,0.69948,0.03052,0.5,0.55923,-0.05923
5,146,17.23,0.735,0.70694,0.02806,0.5,0.48678,0.01322,0.735,0.70641,0.02859,0.5,0.55962,-0.05962
5,147,22.28,0.74,0.71181,0.02819,0.5,0.48678,0.01322,0.74,0.70988,0.03012,0.5,0.55962,-0.05962
5,148,25.17,0.745,0.71632,0.02868,0.5,0.48814,0.01186,0.745,0.71438,0.03062,0.5,0.55962,-0.05962
5,149,21.76,0.75,0.72083,0.02917,0.5,0.49119,0.00881,0.75,0.71993,0.03007,0.5,0.55885,-0.05885
5,150,19.09,0.755,0.72465,0.03035,0.5,0.49797,0.00203,0.755,0.7234,0.0316,0.5,0.55962,-0.05962
5,151,19.65,0.76,0.73299,0.02701,0.5,0.50136,-0.00136,0.76,0.72964,0.03036,0.5,0.55962,-0.05962
5,152,23.85,0.765,0.73576,0.02924,0.5,0.50508,-0.00508,0.765,0.73033,0.03467,0.5,0.55962,-0.05962
5,153,21.77,0.77,0.73958,0.03042,0.5,0.5061,-0.0061,0.77,0.73588,0.03412,0.5,0.55962,-0.05962
5,154,22.45,0.775,0.74444,0.03056,0.5,0.5061,-0.0061,0.775,0.74281,0.03219,0.5,0.55962,-0.05962
5,155,22.06,0.78,0.75174,0.02826,0.5,0.50746,-0.00746,0.78,0.74662,0.03338,0.5,0.56,-0.06
5,156,21.11,0.785,0.7559,0.0291,0.5,0.50644,-0.00644,0.785,0.75113,0.03387,0.5,0.56,-0.06
5,157,23.1,0.79,0.76007,0.02993,0.5,0.50644,-0.00644,0.79,0.75806,0.03194,0.5,0.56038,-0.06038
5,158,25.56,0.795,0.76632,0.02868,0.5,0.50644,-0.00644,0.795,0.76291,0.03209,0.5,0.56,-0.06
5,159,21.67,0.8,0.77465,0.02535,0.5,0.50847,-0.00847,0.8,0.77262,0.02738,0.5,0.56038,-0.06038
5,160,22.16,0.805,0.77743,0.02757,0.5,0.50712,-0.00712,0.805,0.77643,0.02857,0.5,0.56115,-0.06115
5,161,22.86,0.81,0.78299,0.02701,0.5,0.50678,-0.00678,0.81,0.78198,0.02802,0.5,0.55962,-0.05962
5,162,21.44,0.815,0.79028,0.02472,0.5,0.50542,-0.00542,0.815,0.78821,0.02679,0.5,0.56,-0.06
5,163,21.16,0.82,0.79444,0.02556,0.5,0.50712,-0.00712,0.82,0.79341,0.02659,0.5,0.56,-0.06
5,164,22.39,0.825,0.79931,0.02569,0.5,0.5061,-0.0061,0.825,0.79792,0.02708,0.5,0.56,-0.06
5,165,22.32,0.83,0.8066,0.0234,0.5,0.50678,-0.00678,0.83,0.80347,0.02653,0.5,0.56038,-0.06038
5,166,22.82,0.835,0.80938,0.02563,0.5,0.50712,-0.00712,0.835,0.8104,0.0246,0.5,0.56038,-0.06038
5,167,21.85,0.84,0.81562,0.02438,0.5,0.50712,-0.00712,0.84,0.81248,0.02752,0.5,0.55962,-0.05962
5,168,20.47,0.845,0.81979,0.02521,0.5,0.50712,-0.00712,0.845,0.81629,0.02871,0.5,0.55962,-0.05962
5,169,18.11,0.85,0.82326,0.02674,0.5,0.5061,-0.0061,0.85,0.82184,0.02816,0.5,0.56077,-0.06077
5,170,20.49,0.855,0.82743,0.02757,0.5,0.50678,-0.00678,0.855,0.82496,0.03004,0.5,0.56038,-0.06038
5,171,22.89,0.86,0.83333,0.02667,0.5,0.5078,-0.0078,0.86,0.83085,0.02915,0.5,0.56077,-0.06077
5,172,21.2,0.865,0.83646,0.02854,0.5,0.50678,-0.00678,0.865,0.83432,0.03068,0.5,0.56115,-0.06115
5,173,21.87,0.87,0.84028,0.02972,0.5,0.50678,-0.00678,0.87,0.8409,0.0291,0.5,0.55962,-0.05962
5,174,21.28,0.875,0.84549,0.02951,0.5,0.50678,-0.00678,0.875,0.84679,0.02821,0.5,0.56038,-0.06038
5,175,23.25,0.88,0.85451,0.02549,0.5,0.50678,-0.00678,0.88,0.84957,0.03043,0.5,0.56,-0.06
5,176,24.98,0.885,0.86007,0.02493,0.5,0.50644,-0.00644,0.885,0.85719,0.02781,0.5,0.56,-0.06
5,177,22.89,0.89,0.8625,0.0275,0.5,0.50576,-0.00576,0.89,0.85962,0.03038,0.5,0.56154,-0.06154
5,178,22.45,0.895,0.86806,0.02694,0.5,0.50576,-0.00576,0.895,0.86551,0.02949,0.5,0.55962,-0.05962
5,179,19.51,0.9,0.87326,0.02674,0.5,0.50746,-0.00746,0.9,0.87002,0.02998,0.5,0.56,-0.06
5,180,22.15,0.905,0.87708,0.02792,0.5,0.50644,-0.00644,0.905,0.87452,0.03048,0.5,0.56077,-0.06077
5,181,21.94,0.91,0.88368,0.02632,0.5,0.50678,-0.00678,0.91,0.88042,0.02958,0.5,0.56192,-0.06192
5,182,22.11,0.915,0.88646,0.02854,0.5,0.5061,-0.0061,0.915,0.88631,0.02869,0.5,0.56077,-0.06077
5,183,23.08,0.92,0.89306,0.02694,0.5,0.50678,-0.00678,0.92,0.8922,0.0278,0.5,0.56115,-0.06115
5,184,21.05,0.925,0.90035,0.02465,0.5,0.50712,-0.00712,0.925,0.89809,0.02691,0.5,0.56038,-0.06038
5,185,21.07,0.93,0.90104,0.02896,0.5,0.50746,-0.00746,0.93,0.90503,0.02497,0.5,0.56,-0.06
5,186,22.23,0.935,0.9059,0.0291,0.5,0.50678,-0.00678,0.935,0.90884,0.02616,0.5,0.56038,-0.06038
5,187,20.77,0.94,0.90903,0.03097,0.5,0.50712,-0.00712,0.94,0.91369,0.02631,0.5,0.56154,-0.06154
5,188,21.18,0.945,0.91597,0.02903,0.5,0.50712,-0.00712,0.945,0.92236,0.02264,0.5,0.56038,-0.06038
5,189,22.11,0.95,0.9191,0.0309,0.5,0.50712,-0.00712,0.95,0.92548,0.02452,0.5,0.56,-0.06
5,190,20.18,0.955,0.925,0.03,0.5,0.50678,-0.00678,0.955,0.92894,0.02606,0.5,0.56,-0.06
5,191,17.97,0.96,0.92986,0.03014,0.5,0.50678,-0.00678,0.96,0.93102,0.02898,0.5,0.55962,-0.05962
5,192,19.26,0.965,0.9309,0.0341,0.5,0.50678,-0.00678,0.965,0.93518,0.02982,0.5,0.55962,-0.05962
5,193,20.28,0.97,0.93715,0.03285,0.5,0.5061,-0.0061,0.97,0.93899,0.03101,0.5,0.56038,-0.06038
5,194,20.71,0.975,0.94028,0.03472,0.5,0.50644,-0.00644,0.975,0.94523,0.02977,0.5,0.56192,-0.06192
5,195,20.61,0.98,0.94861,0.03139,0.5,0.50712,-0.00712,0.98,0.95182,0.02818,0.5,0.56038,-0.06038
5,196,16.03,0.985,0.95208,0.03292,0.5,0.50746,-0.00746,0.985,0.95737,0.02763,0.5,0.56077,-0.06077
5,197,15.3,0.99,0.95243,0.03757,0.5,0.50712,-0.00712,0.99,0.9591,0.0309,0.5,0.56038,-0.06038
5,198,14.86,0.995,0.95972,0.03528,0.5,0.50644,-0.00644,0.995,0.9643,0.0307,0.5,0.56077,-0.06077
5,199,15.24,1.0,0.9625,0.0375,0.5,0.50712,-0.00712,1.0,0.96846,0.03154,0.5,0.56192,-0.06192
